
  .   ____          _            __ _ _
 /\\ / ___'_ __ _ _(_)_ __  __ _ \ \ \ \
( ( )\___ | '_ | '_| | '_ \/ _` | \ \ \ \
 \\/  ___)| |_)| | | | | || (_| |  ) ) ) )
  '  |____| .__|_| |_|_| |_\__, | / / / /
 =========|_|==============|___/=/_/_/_/
 :: Spring Boot ::                (v3.2.0)

2025-06-12T11:35:02.229Z  INFO 18295 --- [risk-asset-management] [           main] c.j.r.RiskAssetManagementApplication     : Starting RiskAssetManagementApplication v1.0.0 using Java 17.0.15 with PID 18295 (/workspace/jpmc_hackathon/backend/target/risk-asset-management-1.0.0.jar started by root in /workspace/jpmc_hackathon/backend)
2025-06-12T11:35:02.236Z DEBUG 18295 --- [risk-asset-management] [           main] c.j.r.RiskAssetManagementApplication     : Running with Spring Boot v3.2.0, Spring v6.1.1
2025-06-12T11:35:02.238Z  INFO 18295 --- [risk-asset-management] [           main] c.j.r.RiskAssetManagementApplication     : No active profile set, falling back to 1 default profile: "default"
2025-06-12T11:35:03.444Z  INFO 18295 --- [risk-asset-management] [           main] .s.d.r.c.RepositoryConfigurationDelegate : Bootstrapping Spring Data JPA repositories in DEFAULT mode.
2025-06-12T11:35:03.514Z  INFO 18295 --- [risk-asset-management] [           main] .s.d.r.c.RepositoryConfigurationDelegate : Finished Spring Data repository scanning in 63 ms. Found 2 JPA repository interfaces.
2025-06-12T11:35:04.011Z  INFO 18295 --- [risk-asset-management] [           main] o.s.b.w.embedded.tomcat.TomcatWebServer  : Tomcat initialized with port 12001 (http)
2025-06-12T11:35:04.023Z  INFO 18295 --- [risk-asset-management] [           main] o.apache.catalina.core.StandardService   : Starting service [Tomcat]
2025-06-12T11:35:04.023Z  INFO 18295 --- [risk-asset-management] [           main] o.apache.catalina.core.StandardEngine    : Starting Servlet engine: [Apache Tomcat/10.1.16]
2025-06-12T11:35:04.078Z  INFO 18295 --- [risk-asset-management] [           main] o.a.c.c.C.[Tomcat].[localhost].[/api]    : Initializing Spring embedded WebApplicationContext
2025-06-12T11:35:04.080Z  INFO 18295 --- [risk-asset-management] [           main] w.s.c.ServletWebServerApplicationContext : Root WebApplicationContext: initialization completed in 1732 ms
2025-06-12T11:35:04.133Z  INFO 18295 --- [risk-asset-management] [           main] com.zaxxer.hikari.HikariDataSource       : HikariPool-1 - Starting...
2025-06-12T11:35:04.332Z  INFO 18295 --- [risk-asset-management] [           main] com.zaxxer.hikari.pool.HikariPool        : HikariPool-1 - Added connection conn0: url=jdbc:h2:mem:riskassetdb user=SA
2025-06-12T11:35:04.334Z  INFO 18295 --- [risk-asset-management] [           main] com.zaxxer.hikari.HikariDataSource       : HikariPool-1 - Start completed.
2025-06-12T11:35:04.353Z  INFO 18295 --- [risk-asset-management] [           main] o.s.b.a.h2.H2ConsoleAutoConfiguration    : H2 console available at '/h2-console'. Database available at 'jdbc:h2:mem:riskassetdb'
2025-06-12T11:35:04.470Z  INFO 18295 --- [risk-asset-management] [           main] o.hibernate.jpa.internal.util.LogHelper  : HHH000204: Processing PersistenceUnitInfo [name: default]
2025-06-12T11:35:04.540Z  INFO 18295 --- [risk-asset-management] [           main] org.hibernate.Version                    : HHH000412: Hibernate ORM core version 6.3.1.Final
2025-06-12T11:35:04.587Z  INFO 18295 --- [risk-asset-management] [           main] o.h.c.internal.RegionFactoryInitiator    : HHH000026: Second-level cache disabled
2025-06-12T11:35:04.770Z  INFO 18295 --- [risk-asset-management] [           main] o.s.o.j.p.SpringPersistenceUnitInfo      : No LoadTimeWeaver setup: ignoring JPA class transformer
2025-06-12T11:35:04.810Z  WARN 18295 --- [risk-asset-management] [           main] org.hibernate.orm.deprecation            : HHH90000025: H2Dialect does not need to be specified explicitly using 'hibernate.dialect' (remove the property setting and it will be selected by default)
2025-06-12T11:35:05.598Z  INFO 18295 --- [risk-asset-management] [           main] o.h.e.t.j.p.i.JtaPlatformInitiator       : HHH000489: No JTA platform available (set 'hibernate.transaction.jta.platform' to enable JTA platform integration)
Hibernate: 
    drop table if exists assets cascade 
Hibernate: 
    drop table if exists risk_assessments cascade 
Hibernate: 
    create table assets (
        asset_value float(53),
        created_date timestamp(6),
        id bigint generated by default as identity,
        last_updated timestamp(6),
        description varchar(1000),
        business_unit varchar(255),
        category varchar(255) not null check (category in ('CRITICAL','HIGH','MEDIUM','LOW')),
        criticality_level varchar(255) check (criticality_level in ('CRITICAL','HIGH','MEDIUM','LOW')),
        name varchar(255) not null,
        owner_email varchar(255),
        owner_name varchar(255),
        type varchar(255) not null check (type in ('IT_INFRASTRUCTURE','SOFTWARE_APPLICATION','DATABASE','NETWORK_EQUIPMENT','FINANCIAL_INSTRUMENT','PHYSICAL_ASSET','INTELLECTUAL_PROPERTY','HUMAN_RESOURCE')),
        primary key (id)
    )
Hibernate: 
    create table risk_assessments (
        impact integer not null,
        probability integer not null,
        risk_score float(53),
        assessment_date timestamp(6),
        asset_id bigint not null,
        id bigint generated by default as identity,
        next_review_date timestamp(6),
        description varchar(1000),
        mitigation_strategy varchar(1000),
        assessor_name varchar(255),
        risk_level varchar(255) not null check (risk_level in ('CRITICAL','HIGH','MEDIUM','LOW')),
        risk_type varchar(255) not null check (risk_type in ('OPERATIONAL','FINANCIAL','COMPLIANCE','STRATEGIC','REPUTATIONAL','TECHNOLOGY','MARKET','CREDIT','LIQUIDITY','CYBERSECURITY')),
        status varchar(255) check (status in ('ACTIVE','UNDER_REVIEW','MITIGATED','ACCEPTED','TRANSFERRED')),
        primary key (id)
    )
Hibernate: 
    alter table if exists risk_assessments 
       add constraint FKrra6bf9fai72n96dgrstnqk3v 
       foreign key (asset_id) 
       references assets
2025-06-12T11:35:05.637Z  INFO 18295 --- [risk-asset-management] [           main] j.LocalContainerEntityManagerFactoryBean : Initialized JPA EntityManagerFactory for persistence unit 'default'
2025-06-12T11:35:05.939Z  INFO 18295 --- [risk-asset-management] [           main] o.s.d.j.r.query.QueryEnhancerFactory     : Hibernate is in classpath; If applicable, HQL parser will be used.
2025-06-12T11:35:06.630Z  WARN 18295 --- [risk-asset-management] [           main] JpaBaseConfiguration$JpaWebConfiguration : spring.jpa.open-in-view is enabled by default. Therefore, database queries may be performed during view rendering. Explicitly configure spring.jpa.open-in-view to disable this warning
2025-06-12T11:35:06.729Z DEBUG 18295 --- [risk-asset-management] [           main] s.w.s.m.m.a.RequestMappingHandlerMapping : 32 mappings in 'requestMappingHandlerMapping'
2025-06-12T11:35:06.790Z DEBUG 18295 --- [risk-asset-management] [           main] o.s.w.s.handler.SimpleUrlHandlerMapping  : Patterns [/webjars/**, /**, /swagger-ui*/*swagger-initializer.js, /swagger-ui*/**] in 'resourceHandlerMapping'
2025-06-12T11:35:06.818Z DEBUG 18295 --- [risk-asset-management] [           main] s.w.s.m.m.a.RequestMappingHandlerAdapter : ControllerAdvice beans: 0 @ModelAttribute, 0 @InitBinder, 1 RequestBodyAdvice, 1 ResponseBodyAdvice
2025-06-12T11:35:06.847Z DEBUG 18295 --- [risk-asset-management] [           main] .m.m.a.ExceptionHandlerExceptionResolver : ControllerAdvice beans: 1 @ExceptionHandler, 1 ResponseBodyAdvice
2025-06-12T11:35:07.011Z  INFO 18295 --- [risk-asset-management] [           main] o.s.b.w.embedded.tomcat.TomcatWebServer  : Tomcat started on port 12001 (http) with context path '/api'
2025-06-12T11:35:07.062Z  INFO 18295 --- [risk-asset-management] [           main] c.j.r.RiskAssetManagementApplication     : Started RiskAssetManagementApplication in 5.301 seconds (process running for 5.822)
Hibernate: 
    select
        count(*) 
    from
        assets a1_0
2025-06-12T11:35:07.175Z  INFO 18295 --- [risk-asset-management] [           main] com.jpmc.riskasset.config.DataLoader     : Loading sample data...
Hibernate: 
    insert 
    into
        assets
        (asset_value, business_unit, category, created_date, criticality_level, description, last_updated, name, owner_email, owner_name, type, id) 
    values
        (?, ?, ?, ?, ?, ?, ?, ?, ?, ?, ?, default)
Hibernate: 
    insert 
    into
        assets
        (asset_value, business_unit, category, created_date, criticality_level, description, last_updated, name, owner_email, owner_name, type, id) 
    values
        (?, ?, ?, ?, ?, ?, ?, ?, ?, ?, ?, default)
Hibernate: 
    insert 
    into
        assets
        (asset_value, business_unit, category, created_date, criticality_level, description, last_updated, name, owner_email, owner_name, type, id) 
    values
        (?, ?, ?, ?, ?, ?, ?, ?, ?, ?, ?, default)
Hibernate: 
    insert 
    into
        assets
        (asset_value, business_unit, category, created_date, criticality_level, description, last_updated, name, owner_email, owner_name, type, id) 
    values
        (?, ?, ?, ?, ?, ?, ?, ?, ?, ?, ?, default)
Hibernate: 
    insert 
    into
        assets
        (asset_value, business_unit, category, created_date, criticality_level, description, last_updated, name, owner_email, owner_name, type, id) 
    values
        (?, ?, ?, ?, ?, ?, ?, ?, ?, ?, ?, default)
Hibernate: 
    insert 
    into
        assets
        (asset_value, business_unit, category, created_date, criticality_level, description, last_updated, name, owner_email, owner_name, type, id) 
    values
        (?, ?, ?, ?, ?, ?, ?, ?, ?, ?, ?, default)
Hibernate: 
    insert 
    into
        assets
        (asset_value, business_unit, category, created_date, criticality_level, description, last_updated, name, owner_email, owner_name, type, id) 
    values
        (?, ?, ?, ?, ?, ?, ?, ?, ?, ?, ?, default)
Hibernate: 
    insert 
    into
        assets
        (asset_value, business_unit, category, created_date, criticality_level, description, last_updated, name, owner_email, owner_name, type, id) 
    values
        (?, ?, ?, ?, ?, ?, ?, ?, ?, ?, ?, default)
Hibernate: 
    insert 
    into
        risk_assessments
        (assessment_date, assessor_name, asset_id, description, impact, mitigation_strategy, next_review_date, probability, risk_level, risk_score, risk_type, status, id) 
    values
        (?, ?, ?, ?, ?, ?, ?, ?, ?, ?, ?, ?, default)
Hibernate: 
    insert 
    into
        risk_assessments
        (assessment_date, assessor_name, asset_id, description, impact, mitigation_strategy, next_review_date, probability, risk_level, risk_score, risk_type, status, id) 
    values
        (?, ?, ?, ?, ?, ?, ?, ?, ?, ?, ?, ?, default)
Hibernate: 
    insert 
    into
        risk_assessments
        (assessment_date, assessor_name, asset_id, description, impact, mitigation_strategy, next_review_date, probability, risk_level, risk_score, risk_type, status, id) 
    values
        (?, ?, ?, ?, ?, ?, ?, ?, ?, ?, ?, ?, default)
Hibernate: 
    insert 
    into
        risk_assessments
        (assessment_date, assessor_name, asset_id, description, impact, mitigation_strategy, next_review_date, probability, risk_level, risk_score, risk_type, status, id) 
    values
        (?, ?, ?, ?, ?, ?, ?, ?, ?, ?, ?, ?, default)
Hibernate: 
    insert 
    into
        risk_assessments
        (assessment_date, assessor_name, asset_id, description, impact, mitigation_strategy, next_review_date, probability, risk_level, risk_score, risk_type, status, id) 
    values
        (?, ?, ?, ?, ?, ?, ?, ?, ?, ?, ?, ?, default)
Hibernate: 
    insert 
    into
        risk_assessments
        (assessment_date, assessor_name, asset_id, description, impact, mitigation_strategy, next_review_date, probability, risk_level, risk_score, risk_type, status, id) 
    values
        (?, ?, ?, ?, ?, ?, ?, ?, ?, ?, ?, ?, default)
Hibernate: 
    insert 
    into
        risk_assessments
        (assessment_date, assessor_name, asset_id, description, impact, mitigation_strategy, next_review_date, probability, risk_level, risk_score, risk_type, status, id) 
    values
        (?, ?, ?, ?, ?, ?, ?, ?, ?, ?, ?, ?, default)
Hibernate: 
    insert 
    into
        risk_assessments
        (assessment_date, assessor_name, asset_id, description, impact, mitigation_strategy, next_review_date, probability, risk_level, risk_score, risk_type, status, id) 
    values
        (?, ?, ?, ?, ?, ?, ?, ?, ?, ?, ?, ?, default)
2025-06-12T11:35:07.299Z  INFO 18295 --- [risk-asset-management] [           main] com.jpmc.riskasset.config.DataLoader     : Sample data loaded successfully!
2025-06-12T11:35:31.713Z  INFO 18295 --- [risk-asset-management] [io-12001-exec-3] o.a.c.c.C.[Tomcat].[localhost].[/api]    : Initializing Spring DispatcherServlet 'dispatcherServlet'
2025-06-12T11:35:31.713Z  INFO 18295 --- [risk-asset-management] [io-12001-exec-3] o.s.web.servlet.DispatcherServlet        : Initializing Servlet 'dispatcherServlet'
2025-06-12T11:35:31.714Z DEBUG 18295 --- [risk-asset-management] [io-12001-exec-3] o.s.web.servlet.DispatcherServlet        : Detected StandardServletMultipartResolver
2025-06-12T11:35:31.714Z DEBUG 18295 --- [risk-asset-management] [io-12001-exec-3] o.s.web.servlet.DispatcherServlet        : Detected AcceptHeaderLocaleResolver
2025-06-12T11:35:31.714Z DEBUG 18295 --- [risk-asset-management] [io-12001-exec-3] o.s.web.servlet.DispatcherServlet        : Detected FixedThemeResolver
2025-06-12T11:35:31.715Z DEBUG 18295 --- [risk-asset-management] [io-12001-exec-3] o.s.web.servlet.DispatcherServlet        : Detected org.springframework.web.servlet.view.DefaultRequestToViewNameTranslator@7c6f91d2
2025-06-12T11:35:31.715Z DEBUG 18295 --- [risk-asset-management] [io-12001-exec-3] o.s.web.servlet.DispatcherServlet        : Detected org.springframework.web.servlet.support.SessionFlashMapManager@4ba29b51
2025-06-12T11:35:31.715Z DEBUG 18295 --- [risk-asset-management] [io-12001-exec-3] o.s.web.servlet.DispatcherServlet        : enableLoggingRequestDetails='false': request parameters and headers will be masked to prevent unsafe logging of potentially sensitive data
2025-06-12T11:35:31.716Z  INFO 18295 --- [risk-asset-management] [io-12001-exec-3] o.s.web.servlet.DispatcherServlet        : Completed initialization in 2 ms
2025-06-12T11:35:31.721Z DEBUG 18295 --- [risk-asset-management] [io-12001-exec-3] o.s.web.servlet.DispatcherServlet        : GET "/api/assets", parameters={}
2025-06-12T11:35:31.743Z DEBUG 18295 --- [risk-asset-management] [io-12001-exec-3] s.w.s.m.m.a.RequestMappingHandlerMapping : Mapped to com.jpmc.riskasset.controller.AssetController#getAllAssets()
2025-06-12T11:35:31.755Z DEBUG 18295 --- [risk-asset-management] [io-12001-exec-3] c.jpmc.riskasset.service.AssetService    : Fetching all assets
Hibernate: 
    select
        a1_0.id,
        a1_0.asset_value,
        a1_0.business_unit,
        a1_0.category,
        a1_0.created_date,
        a1_0.criticality_level,
        a1_0.description,
        a1_0.last_updated,
        a1_0.name,
        a1_0.owner_email,
        a1_0.owner_name,
        a1_0.type 
    from
        assets a1_0
2025-06-12T11:35:31.821Z DEBUG 18295 --- [risk-asset-management] [io-12001-exec-3] o.s.w.s.m.m.a.HttpEntityMethodProcessor  : Using 'application/json', given [*/*] and supported [application/json, application/*+json]
Hibernate: 
    select
        ra1_0.asset_id,
        ra1_0.id,
        ra1_0.assessment_date,
        ra1_0.assessor_name,
        ra1_0.description,
        ra1_0.impact,
        ra1_0.mitigation_strategy,
        ra1_0.next_review_date,
        ra1_0.probability,
        ra1_0.risk_level,
        ra1_0.risk_score,
        ra1_0.risk_type,
        ra1_0.status 
    from
        risk_assessments ra1_0 
    where
        ra1_0.asset_id=?
2025-06-12T11:35:31.842Z DEBUG 18295 --- [risk-asset-management] [io-12001-exec-3] o.s.w.s.m.m.a.HttpEntityMethodProcessor  : Writing [java.lang.StackOverflowError]
Hibernate: 
    select
        ra1_0.asset_id,
        ra1_0.id,
        ra1_0.assessment_date,
        ra1_0.assessor_name,
        ra1_0.description,
        ra1_0.impact,
        ra1_0.mitigation_strategy,
        ra1_0.next_review_date,
        ra1_0.probability,
        ra1_0.risk_level,
        ra1_0.risk_score,
        ra1_0.risk_type,
        ra1_0.status 
    from
        risk_assessments ra1_0 
    where
        ra1_0.asset_id=?
Hibernate: 
    select
        ra1_0.asset_id,
        ra1_0.id,
        ra1_0.assessment_date,
        ra1_0.assessor_name,
        ra1_0.description,
        ra1_0.impact,
        ra1_0.mitigation_strategy,
        ra1_0.next_review_date,
        ra1_0.probability,
        ra1_0.risk_level,
        ra1_0.risk_score,
        ra1_0.risk_type,
        ra1_0.status 
    from
        risk_assessments ra1_0 
    where
        ra1_0.asset_id=?
Hibernate: 
    select
        ra1_0.asset_id,
        ra1_0.id,
        ra1_0.assessment_date,
        ra1_0.assessor_name,
        ra1_0.description,
        ra1_0.impact,
        ra1_0.mitigation_strategy,
        ra1_0.next_review_date,
        ra1_0.probability,
        ra1_0.risk_level,
        ra1_0.risk_score,
        ra1_0.risk_type,
        ra1_0.status 
    from
        risk_assessments ra1_0 
    where
        ra1_0.asset_id=?
Hibernate: 
    select
        ra1_0.asset_id,
        ra1_0.id,
        ra1_0.assessment_date,
        ra1_0.assessor_name,
        ra1_0.description,
        ra1_0.impact,
        ra1_0.mitigation_strategy,
        ra1_0.next_review_date,
        ra1_0.probability,
        ra1_0.risk_level,
        ra1_0.risk_score,
        ra1_0.risk_type,
        ra1_0.status 
    from
        risk_assessments ra1_0 
    where
        ra1_0.asset_id=?
Hibernate: 
    select
        ra1_0.asset_id,
        ra1_0.id,
        ra1_0.assessment_date,
        ra1_0.assessor_name,
        ra1_0.description,
        ra1_0.impact,
        ra1_0.mitigation_strategy,
        ra1_0.next_review_date,
        ra1_0.probability,
        ra1_0.risk_level,
        ra1_0.risk_score,
        ra1_0.risk_type,
        ra1_0.status 
    from
        risk_assessments ra1_0 
    where
        ra1_0.asset_id=?
Hibernate: 
    select
        ra1_0.asset_id,
        ra1_0.id,
        ra1_0.assessment_date,
        ra1_0.assessor_name,
        ra1_0.description,
        ra1_0.impact,
        ra1_0.mitigation_strategy,
        ra1_0.next_review_date,
        ra1_0.probability,
        ra1_0.risk_level,
        ra1_0.risk_score,
        ra1_0.risk_type,
        ra1_0.status 
    from
        risk_assessments ra1_0 
    where
        ra1_0.asset_id=?
Hibernate: 
    select
        ra1_0.asset_id,
        ra1_0.id,
        ra1_0.assessment_date,
        ra1_0.assessor_name,
        ra1_0.description,
        ra1_0.impact,
        ra1_0.mitigation_strategy,
        ra1_0.next_review_date,
        ra1_0.probability,
        ra1_0.risk_level,
        ra1_0.risk_score,
        ra1_0.risk_type,
        ra1_0.status 
    from
        risk_assessments ra1_0 
    where
        ra1_0.asset_id=?
2025-06-12T11:35:31.902Z DEBUG 18295 --- [risk-asset-management] [io-12001-exec-3] o.s.web.servlet.DispatcherServlet        : Completed 200 OK
2025-06-12T11:37:03.177Z DEBUG 18295 --- [risk-asset-management] [io-12001-exec-9] o.s.web.servlet.DispatcherServlet        : GET "/api/dashboard/stats", parameters={}
2025-06-12T11:37:03.178Z DEBUG 18295 --- [risk-asset-management] [io-12001-exec-9] s.w.s.m.m.a.RequestMappingHandlerMapping : Mapped to com.jpmc.riskasset.controller.DashboardController#getDashboardStats()
2025-06-12T11:37:03.179Z DEBUG 18295 --- [risk-asset-management] [io-12001-exec-9] c.jpmc.riskasset.service.AssetService    : Fetching all assets
Hibernate: 
    select
        a1_0.id,
        a1_0.asset_value,
        a1_0.business_unit,
        a1_0.category,
        a1_0.created_date,
        a1_0.criticality_level,
        a1_0.description,
        a1_0.last_updated,
        a1_0.name,
        a1_0.owner_email,
        a1_0.owner_name,
        a1_0.type 
    from
        assets a1_0
Hibernate: 
    select
        count(a1_0.id) 
    from
        assets a1_0 
    where
        a1_0.criticality_level=?
Hibernate: 
    select
        count(a1_0.id) 
    from
        assets a1_0 
    where
        a1_0.criticality_level=?
Hibernate: 
    select
        count(a1_0.id) 
    from
        assets a1_0 
    where
        a1_0.criticality_level=?
Hibernate: 
    select
        count(a1_0.id) 
    from
        assets a1_0 
    where
        a1_0.criticality_level=?
Hibernate: 
    select
        count(a1_0.id) 
    from
        assets a1_0 
    where
        a1_0.type=?
Hibernate: 
    select
        count(a1_0.id) 
    from
        assets a1_0 
    where
        a1_0.type=?
Hibernate: 
    select
        count(a1_0.id) 
    from
        assets a1_0 
    where
        a1_0.type=?
Hibernate: 
    select
        count(a1_0.id) 
    from
        assets a1_0 
    where
        a1_0.type=?
Hibernate: 
    select
        count(a1_0.id) 
    from
        assets a1_0 
    where
        a1_0.type=?
Hibernate: 
    select
        count(a1_0.id) 
    from
        assets a1_0 
    where
        a1_0.type=?
Hibernate: 
    select
        count(a1_0.id) 
    from
        assets a1_0 
    where
        a1_0.type=?
Hibernate: 
    select
        count(a1_0.id) 
    from
        assets a1_0 
    where
        a1_0.type=?
2025-06-12T11:37:03.223Z DEBUG 18295 --- [risk-asset-management] [io-12001-exec-9] c.j.r.service.RiskAssessmentService      : Fetching all risk assessments
Hibernate: 
    select
        ra1_0.id,
        ra1_0.assessment_date,
        ra1_0.assessor_name,
        ra1_0.asset_id,
        ra1_0.description,
        ra1_0.impact,
        ra1_0.mitigation_strategy,
        ra1_0.next_review_date,
        ra1_0.probability,
        ra1_0.risk_level,
        ra1_0.risk_score,
        ra1_0.risk_type,
        ra1_0.status 
    from
        risk_assessments ra1_0
Hibernate: 
    select
        count(ra1_0.id) 
    from
        risk_assessments ra1_0 
    where
        ra1_0.risk_level=?
Hibernate: 
    select
        count(ra1_0.id) 
    from
        risk_assessments ra1_0 
    where
        ra1_0.risk_level=?
Hibernate: 
    select
        count(ra1_0.id) 
    from
        risk_assessments ra1_0 
    where
        ra1_0.risk_level=?
Hibernate: 
    select
        count(ra1_0.id) 
    from
        risk_assessments ra1_0 
    where
        ra1_0.risk_level=?
2025-06-12T11:37:03.239Z DEBUG 18295 --- [risk-asset-management] [io-12001-exec-9] c.j.r.service.RiskAssessmentService      : Fetching assessments due for review
Hibernate: 
    select
        ra1_0.id,
        ra1_0.assessment_date,
        ra1_0.assessor_name,
        ra1_0.asset_id,
        ra1_0.description,
        ra1_0.impact,
        ra1_0.mitigation_strategy,
        ra1_0.next_review_date,
        ra1_0.probability,
        ra1_0.risk_level,
        ra1_0.risk_score,
        ra1_0.risk_type,
        ra1_0.status 
    from
        risk_assessments ra1_0 
    where
        ra1_0.next_review_date<=?
2025-06-12T11:37:03.245Z DEBUG 18295 --- [risk-asset-management] [io-12001-exec-9] o.s.w.s.m.m.a.HttpEntityMethodProcessor  : Using 'application/json', given [*/*] and supported [application/json, application/*+json]
2025-06-12T11:37:03.245Z DEBUG 18295 --- [risk-asset-management] [io-12001-exec-9] o.s.w.s.m.m.a.HttpEntityMethodProcessor  : Writing [{assets={total=8, high=3, critical=2, low=0, typeDistribution={PHYSICAL_ASSET=1, INTELLECTUAL_PROPER (truncated)...]
2025-06-12T11:37:03.248Z DEBUG 18295 --- [risk-asset-management] [io-12001-exec-9] o.s.web.servlet.DispatcherServlet        : Completed 200 OK
2025-06-12T11:38:00.541Z DEBUG 18295 --- [risk-asset-management] [io-12001-exec-1] o.s.web.servlet.DispatcherServlet        : GET "/api/dashboard/stats", parameters={}
2025-06-12T11:38:00.541Z DEBUG 18295 --- [risk-asset-management] [io-12001-exec-1] s.w.s.m.m.a.RequestMappingHandlerMapping : Mapped to com.jpmc.riskasset.controller.DashboardController#getDashboardStats()
2025-06-12T11:38:00.542Z DEBUG 18295 --- [risk-asset-management] [io-12001-exec-1] c.jpmc.riskasset.service.AssetService    : Fetching all assets
Hibernate: 
    select
        a1_0.id,
        a1_0.asset_value,
        a1_0.business_unit,
        a1_0.category,
        a1_0.created_date,
        a1_0.criticality_level,
        a1_0.description,
        a1_0.last_updated,
        a1_0.name,
        a1_0.owner_email,
        a1_0.owner_name,
        a1_0.type 
    from
        assets a1_0
Hibernate: 
    select
        count(a1_0.id) 
    from
        assets a1_0 
    where
        a1_0.criticality_level=?
Hibernate: 
    select
        count(a1_0.id) 
    from
        assets a1_0 
    where
        a1_0.criticality_level=?
Hibernate: 
    select
        count(a1_0.id) 
    from
        assets a1_0 
    where
        a1_0.criticality_level=?
Hibernate: 
    select
        count(a1_0.id) 
    from
        assets a1_0 
    where
        a1_0.criticality_level=?
Hibernate: 
    select
        count(a1_0.id) 
    from
        assets a1_0 
    where
        a1_0.type=?
Hibernate: 
    select
        count(a1_0.id) 
    from
        assets a1_0 
    where
        a1_0.type=?
Hibernate: 
    select
        count(a1_0.id) 
    from
        assets a1_0 
    where
        a1_0.type=?
Hibernate: 
    select
        count(a1_0.id) 
    from
        assets a1_0 
    where
        a1_0.type=?
Hibernate: 
    select
        count(a1_0.id) 
    from
        assets a1_0 
    where
        a1_0.type=?
Hibernate: 
    select
        count(a1_0.id) 
    from
        assets a1_0 
    where
        a1_0.type=?
Hibernate: 
    select
        count(a1_0.id) 
    from
        assets a1_0 
    where
        a1_0.type=?
Hibernate: 
    select
        count(a1_0.id) 
    from
        assets a1_0 
    where
        a1_0.type=?
2025-06-12T11:38:00.568Z DEBUG 18295 --- [risk-asset-management] [io-12001-exec-1] c.j.r.service.RiskAssessmentService      : Fetching all risk assessments
Hibernate: 
    select
        ra1_0.id,
        ra1_0.assessment_date,
        ra1_0.assessor_name,
        ra1_0.asset_id,
        ra1_0.description,
        ra1_0.impact,
        ra1_0.mitigation_strategy,
        ra1_0.next_review_date,
        ra1_0.probability,
        ra1_0.risk_level,
        ra1_0.risk_score,
        ra1_0.risk_type,
        ra1_0.status 
    from
        risk_assessments ra1_0
Hibernate: 
    select
        count(ra1_0.id) 
    from
        risk_assessments ra1_0 
    where
        ra1_0.risk_level=?
Hibernate: 
    select
        count(ra1_0.id) 
    from
        risk_assessments ra1_0 
    where
        ra1_0.risk_level=?
Hibernate: 
    select
        count(ra1_0.id) 
    from
        risk_assessments ra1_0 
    where
        ra1_0.risk_level=?
Hibernate: 
    select
        count(ra1_0.id) 
    from
        risk_assessments ra1_0 
    where
        ra1_0.risk_level=?
2025-06-12T11:38:00.578Z DEBUG 18295 --- [risk-asset-management] [io-12001-exec-1] c.j.r.service.RiskAssessmentService      : Fetching assessments due for review
Hibernate: 
    select
        ra1_0.id,
        ra1_0.assessment_date,
        ra1_0.assessor_name,
        ra1_0.asset_id,
        ra1_0.description,
        ra1_0.impact,
        ra1_0.mitigation_strategy,
        ra1_0.next_review_date,
        ra1_0.probability,
        ra1_0.risk_level,
        ra1_0.risk_score,
        ra1_0.risk_type,
        ra1_0.status 
    from
        risk_assessments ra1_0 
    where
        ra1_0.next_review_date<=?
2025-06-12T11:38:00.581Z DEBUG 18295 --- [risk-asset-management] [io-12001-exec-1] o.s.w.s.m.m.a.HttpEntityMethodProcessor  : Using 'application/json', given [*/*] and supported [application/json, application/*+json]
2025-06-12T11:38:00.581Z DEBUG 18295 --- [risk-asset-management] [io-12001-exec-1] o.s.w.s.m.m.a.HttpEntityMethodProcessor  : Writing [{assets={total=8, high=3, critical=2, low=0, typeDistribution={PHYSICAL_ASSET=1, INTELLECTUAL_PROPER (truncated)...]
2025-06-12T11:38:00.582Z DEBUG 18295 --- [risk-asset-management] [io-12001-exec-1] o.s.web.servlet.DispatcherServlet        : Completed 200 OK
2025-06-12T11:38:58.827Z DEBUG 18295 --- [risk-asset-management] [io-12001-exec-6] o.s.web.servlet.DispatcherServlet        : GET "/api/swagger-ui.html", parameters={}
2025-06-12T11:38:58.828Z DEBUG 18295 --- [risk-asset-management] [io-12001-exec-6] s.w.s.m.m.a.RequestMappingHandlerMapping : Mapped to org.springdoc.webmvc.ui.SwaggerWelcomeWebMvc#redirectToUi(HttpServletRequest)
2025-06-12T11:38:58.842Z DEBUG 18295 --- [risk-asset-management] [io-12001-exec-6] o.s.w.s.m.m.a.HttpEntityMethodProcessor  : Using 'application/json;q=0.8', given [text/html, application/xhtml+xml, image/avif, image/webp, image/apng, application/xml;q=0.9, */*;q=0.8, application/signed-exchange;v=b3;q=0.7] and supported [application/json, application/*+json]
2025-06-12T11:38:58.843Z DEBUG 18295 --- [risk-asset-management] [io-12001-exec-6] o.s.w.s.m.m.a.HttpEntityMethodProcessor  : Nothing to write: null body
2025-06-12T11:38:58.843Z DEBUG 18295 --- [risk-asset-management] [io-12001-exec-6] o.s.web.servlet.DispatcherServlet        : Completed 302 FOUND
2025-06-12T11:38:59.125Z DEBUG 18295 --- [risk-asset-management] [io-12001-exec-5] o.s.web.servlet.DispatcherServlet        : GET "/api/swagger-ui/index.html", parameters={}
2025-06-12T11:38:59.128Z DEBUG 18295 --- [risk-asset-management] [io-12001-exec-5] o.s.w.s.handler.SimpleUrlHandlerMapping  : Mapped to ResourceHttpRequestHandler [classpath [META-INF/resources/webjars/]]
2025-06-12T11:38:59.131Z DEBUG 18295 --- [risk-asset-management] [io-12001-exec-5] o.s.web.servlet.DispatcherServlet        : Completed 200 OK
2025-06-12T11:38:59.496Z DEBUG 18295 --- [risk-asset-management] [io-12001-exec-7] o.s.web.servlet.DispatcherServlet        : GET "/api/swagger-ui/swagger-ui.css", parameters={}
2025-06-12T11:38:59.497Z DEBUG 18295 --- [risk-asset-management] [io-12001-exec-9] o.s.web.servlet.DispatcherServlet        : GET "/api/swagger-ui/index.css", parameters={}
2025-06-12T11:38:59.498Z DEBUG 18295 --- [risk-asset-management] [io-12001-exec-7] o.s.w.s.handler.SimpleUrlHandlerMapping  : Mapped to ResourceHttpRequestHandler [classpath [META-INF/resources/webjars/]]
2025-06-12T11:38:59.498Z DEBUG 18295 --- [risk-asset-management] [io-12001-exec-9] o.s.w.s.handler.SimpleUrlHandlerMapping  : Mapped to ResourceHttpRequestHandler [classpath [META-INF/resources/webjars/]]
2025-06-12T11:38:59.500Z DEBUG 18295 --- [risk-asset-management] [io-12001-exec-9] o.s.web.servlet.DispatcherServlet        : Completed 200 OK
2025-06-12T11:38:59.501Z DEBUG 18295 --- [risk-asset-management] [io-12001-exec-7] o.s.web.servlet.DispatcherServlet        : Completed 200 OK
2025-06-12T11:38:59.524Z DEBUG 18295 --- [risk-asset-management] [io-12001-exec-8] o.s.web.servlet.DispatcherServlet        : GET "/api/swagger-ui/swagger-ui-bundle.js", parameters={}
2025-06-12T11:38:59.525Z DEBUG 18295 --- [risk-asset-management] [io-12001-exec-8] o.s.w.s.handler.SimpleUrlHandlerMapping  : Mapped to ResourceHttpRequestHandler [classpath [META-INF/resources/webjars/]]
2025-06-12T11:38:59.558Z DEBUG 18295 --- [risk-asset-management] [io-12001-exec-1] o.s.web.servlet.DispatcherServlet        : GET "/api/swagger-ui/swagger-ui-standalone-preset.js", parameters={}
2025-06-12T11:38:59.558Z DEBUG 18295 --- [risk-asset-management] [o-12001-exec-10] o.s.web.servlet.DispatcherServlet        : GET "/api/swagger-ui/swagger-initializer.js", parameters={}
2025-06-12T11:38:59.559Z DEBUG 18295 --- [risk-asset-management] [io-12001-exec-1] o.s.w.s.handler.SimpleUrlHandlerMapping  : Mapped to ResourceHttpRequestHandler [classpath [META-INF/resources/webjars/]]
2025-06-12T11:38:59.559Z DEBUG 18295 --- [risk-asset-management] [o-12001-exec-10] o.s.w.s.handler.SimpleUrlHandlerMapping  : Mapped to ResourceHttpRequestHandler [classpath [META-INF/resources/webjars/]]
2025-06-12T11:38:59.566Z DEBUG 18295 --- [risk-asset-management] [o-12001-exec-10] o.s.web.servlet.DispatcherServlet        : Completed 200 OK
2025-06-12T11:38:59.605Z DEBUG 18295 --- [risk-asset-management] [io-12001-exec-1] o.s.web.servlet.DispatcherServlet        : Completed 200 OK
2025-06-12T11:38:59.788Z DEBUG 18295 --- [risk-asset-management] [io-12001-exec-8] o.s.web.servlet.DispatcherServlet        : Completed 200 OK
2025-06-12T11:39:04.613Z DEBUG 18295 --- [risk-asset-management] [io-12001-exec-3] o.s.web.servlet.DispatcherServlet        : GET "/api/api-docs/swagger-config", parameters={}
2025-06-12T11:39:04.614Z DEBUG 18295 --- [risk-asset-management] [io-12001-exec-3] s.w.s.m.m.a.RequestMappingHandlerMapping : Mapped to org.springdoc.webmvc.ui.SwaggerConfigResource#openapiJson(HttpServletRequest)
2025-06-12T11:39:04.615Z DEBUG 18295 --- [risk-asset-management] [io-12001-exec-3] m.m.a.RequestResponseBodyMethodProcessor : Using 'application/json', given [*/*] and supported [application/json]
2025-06-12T11:39:04.616Z DEBUG 18295 --- [risk-asset-management] [io-12001-exec-3] m.m.a.RequestResponseBodyMethodProcessor : Writing [{configUrl=/api/api-docs/swagger-config, oauth2RedirectUrl=https://work-2-ipizlxbbppnfocgs.prod-runt (truncated)...]
2025-06-12T11:39:04.617Z DEBUG 18295 --- [risk-asset-management] [io-12001-exec-3] o.s.web.servlet.DispatcherServlet        : Completed 200 OK
2025-06-12T11:39:04.624Z DEBUG 18295 --- [risk-asset-management] [io-12001-exec-2] o.s.web.servlet.DispatcherServlet        : GET "/api/swagger-ui/favicon-32x32.png", parameters={}
2025-06-12T11:39:04.625Z DEBUG 18295 --- [risk-asset-management] [io-12001-exec-2] o.s.w.s.handler.SimpleUrlHandlerMapping  : Mapped to ResourceHttpRequestHandler [classpath [META-INF/resources/webjars/]]
2025-06-12T11:39:04.626Z DEBUG 18295 --- [risk-asset-management] [io-12001-exec-2] o.s.web.servlet.DispatcherServlet        : Completed 200 OK
2025-06-12T11:39:04.963Z DEBUG 18295 --- [risk-asset-management] [io-12001-exec-4] o.s.web.servlet.DispatcherServlet        : GET "/api/api-docs", parameters={}
2025-06-12T11:39:04.963Z DEBUG 18295 --- [risk-asset-management] [io-12001-exec-4] s.w.s.m.m.a.RequestMappingHandlerMapping : Mapped to org.springdoc.webmvc.api.OpenApiWebMvcResource#openapiJson(HttpServletRequest, String, Locale)
2025-06-12T11:39:05.771Z  INFO 18295 --- [risk-asset-management] [io-12001-exec-4] o.springdoc.api.AbstractOpenApiResource  : Init duration for springdoc-openapi is: 797 ms
2025-06-12T11:39:05.793Z DEBUG 18295 --- [risk-asset-management] [io-12001-exec-4] m.m.a.RequestResponseBodyMethodProcessor : Using 'application/json', given [application/json, */*] and supported [application/json]
2025-06-12T11:39:05.799Z DEBUG 18295 --- [risk-asset-management] [io-12001-exec-4] m.m.a.RequestResponseBodyMethodProcessor : Writing [{123, 34, 111, 112, 101, 110, 97, 112, 105, 34, 58, 34, 51, 46, 48, 46, 49, 34, 44, 34, 105, 110, 10 (truncated)...]
2025-06-12T11:39:05.801Z DEBUG 18295 --- [risk-asset-management] [io-12001-exec-4] o.s.web.servlet.DispatcherServlet        : Completed 200 OK
2025-06-12T11:41:21.214Z DEBUG 18295 --- [risk-asset-management] [io-12001-exec-1] o.s.web.servlet.DispatcherServlet        : GET "/api/dashboard/stats", parameters={}
2025-06-12T11:41:21.215Z DEBUG 18295 --- [risk-asset-management] [io-12001-exec-1] s.w.s.m.m.a.RequestMappingHandlerMapping : Mapped to com.jpmc.riskasset.controller.DashboardController#getDashboardStats()
2025-06-12T11:41:21.215Z DEBUG 18295 --- [risk-asset-management] [io-12001-exec-1] c.jpmc.riskasset.service.AssetService    : Fetching all assets
Hibernate: 
    select
        a1_0.id,
        a1_0.asset_value,
        a1_0.business_unit,
        a1_0.category,
        a1_0.created_date,
        a1_0.criticality_level,
        a1_0.description,
        a1_0.last_updated,
        a1_0.name,
        a1_0.owner_email,
        a1_0.owner_name,
        a1_0.type 
    from
        assets a1_0
Hibernate: 
    select
        count(a1_0.id) 
    from
        assets a1_0 
    where
        a1_0.criticality_level=?
Hibernate: 
    select
        count(a1_0.id) 
    from
        assets a1_0 
    where
        a1_0.criticality_level=?
Hibernate: 
    select
        count(a1_0.id) 
    from
        assets a1_0 
    where
        a1_0.criticality_level=?
Hibernate: 
    select
        count(a1_0.id) 
    from
        assets a1_0 
    where
        a1_0.criticality_level=?
Hibernate: 
    select
        count(a1_0.id) 
    from
        assets a1_0 
    where
        a1_0.type=?
Hibernate: 
    select
        count(a1_0.id) 
    from
        assets a1_0 
    where
        a1_0.type=?
Hibernate: 
    select
        count(a1_0.id) 
    from
        assets a1_0 
    where
        a1_0.type=?
Hibernate: 
    select
        count(a1_0.id) 
    from
        assets a1_0 
    where
        a1_0.type=?
Hibernate: 
    select
        count(a1_0.id) 
    from
        assets a1_0 
    where
        a1_0.type=?
Hibernate: 
    select
        count(a1_0.id) 
    from
        assets a1_0 
    where
        a1_0.type=?
Hibernate: 
    select
        count(a1_0.id) 
    from
        assets a1_0 
    where
        a1_0.type=?
Hibernate: 
    select
        count(a1_0.id) 
    from
        assets a1_0 
    where
        a1_0.type=?
2025-06-12T11:41:21.236Z DEBUG 18295 --- [risk-asset-management] [io-12001-exec-1] c.j.r.service.RiskAssessmentService      : Fetching all risk assessments
Hibernate: 
    select
        ra1_0.id,
        ra1_0.assessment_date,
        ra1_0.assessor_name,
        ra1_0.asset_id,
        ra1_0.description,
        ra1_0.impact,
        ra1_0.mitigation_strategy,
        ra1_0.next_review_date,
        ra1_0.probability,
        ra1_0.risk_level,
        ra1_0.risk_score,
        ra1_0.risk_type,
        ra1_0.status 
    from
        risk_assessments ra1_0
Hibernate: 
    select
        count(ra1_0.id) 
    from
        risk_assessments ra1_0 
    where
        ra1_0.risk_level=?
Hibernate: 
    select
        count(ra1_0.id) 
    from
        risk_assessments ra1_0 
    where
        ra1_0.risk_level=?
Hibernate: 
    select
        count(ra1_0.id) 
    from
        risk_assessments ra1_0 
    where
        ra1_0.risk_level=?
Hibernate: 
    select
        count(ra1_0.id) 
    from
        risk_assessments ra1_0 
    where
        ra1_0.risk_level=?
2025-06-12T11:41:21.244Z DEBUG 18295 --- [risk-asset-management] [io-12001-exec-1] c.j.r.service.RiskAssessmentService      : Fetching assessments due for review
Hibernate: 
    select
        ra1_0.id,
        ra1_0.assessment_date,
        ra1_0.assessor_name,
        ra1_0.asset_id,
        ra1_0.description,
        ra1_0.impact,
        ra1_0.mitigation_strategy,
        ra1_0.next_review_date,
        ra1_0.probability,
        ra1_0.risk_level,
        ra1_0.risk_score,
        ra1_0.risk_type,
        ra1_0.status 
    from
        risk_assessments ra1_0 
    where
        ra1_0.next_review_date<=?
2025-06-12T11:41:21.246Z DEBUG 18295 --- [risk-asset-management] [io-12001-exec-1] o.s.w.s.m.m.a.HttpEntityMethodProcessor  : Using 'application/json;q=0.8', given [text/html, application/xhtml+xml, image/avif, image/webp, image/apng, application/xml;q=0.9, */*;q=0.8, application/signed-exchange;v=b3;q=0.7] and supported [application/json, application/*+json]
2025-06-12T11:41:21.246Z DEBUG 18295 --- [risk-asset-management] [io-12001-exec-1] o.s.w.s.m.m.a.HttpEntityMethodProcessor  : Writing [{assets={total=8, high=3, critical=2, low=0, typeDistribution={PHYSICAL_ASSET=1, INTELLECTUAL_PROPER (truncated)...]
2025-06-12T11:41:21.247Z DEBUG 18295 --- [risk-asset-management] [io-12001-exec-1] o.s.web.servlet.DispatcherServlet        : Completed 200 OK
2025-06-12T11:41:56.841Z DEBUG 18295 --- [risk-asset-management] [io-12001-exec-4] o.s.web.servlet.DispatcherServlet        : GET "/api/dashboard/stats", parameters={}
2025-06-12T11:41:56.842Z DEBUG 18295 --- [risk-asset-management] [io-12001-exec-4] s.w.s.m.m.a.RequestMappingHandlerMapping : Mapped to com.jpmc.riskasset.controller.DashboardController#getDashboardStats()
2025-06-12T11:41:56.842Z DEBUG 18295 --- [risk-asset-management] [io-12001-exec-4] c.jpmc.riskasset.service.AssetService    : Fetching all assets
Hibernate: 
    select
        a1_0.id,
        a1_0.asset_value,
        a1_0.business_unit,
        a1_0.category,
        a1_0.created_date,
        a1_0.criticality_level,
        a1_0.description,
        a1_0.last_updated,
        a1_0.name,
        a1_0.owner_email,
        a1_0.owner_name,
        a1_0.type 
    from
        assets a1_0
Hibernate: 
    select
        count(a1_0.id) 
    from
        assets a1_0 
    where
        a1_0.criticality_level=?
Hibernate: 
    select
        count(a1_0.id) 
    from
        assets a1_0 
    where
        a1_0.criticality_level=?
Hibernate: 
    select
        count(a1_0.id) 
    from
        assets a1_0 
    where
        a1_0.criticality_level=?
Hibernate: 
    select
        count(a1_0.id) 
    from
        assets a1_0 
    where
        a1_0.criticality_level=?
Hibernate: 
    select
        count(a1_0.id) 
    from
        assets a1_0 
    where
        a1_0.type=?
Hibernate: 
    select
        count(a1_0.id) 
    from
        assets a1_0 
    where
        a1_0.type=?
Hibernate: 
    select
        count(a1_0.id) 
    from
        assets a1_0 
    where
        a1_0.type=?
Hibernate: 
    select
        count(a1_0.id) 
    from
        assets a1_0 
    where
        a1_0.type=?
Hibernate: 
    select
        count(a1_0.id) 
    from
        assets a1_0 
    where
        a1_0.type=?
Hibernate: 
    select
        count(a1_0.id) 
    from
        assets a1_0 
    where
        a1_0.type=?
Hibernate: 
    select
        count(a1_0.id) 
    from
        assets a1_0 
    where
        a1_0.type=?
Hibernate: 
    select
        count(a1_0.id) 
    from
        assets a1_0 
    where
        a1_0.type=?
2025-06-12T11:41:56.859Z DEBUG 18295 --- [risk-asset-management] [io-12001-exec-4] c.j.r.service.RiskAssessmentService      : Fetching all risk assessments
Hibernate: 
    select
        ra1_0.id,
        ra1_0.assessment_date,
        ra1_0.assessor_name,
        ra1_0.asset_id,
        ra1_0.description,
        ra1_0.impact,
        ra1_0.mitigation_strategy,
        ra1_0.next_review_date,
        ra1_0.probability,
        ra1_0.risk_level,
        ra1_0.risk_score,
        ra1_0.risk_type,
        ra1_0.status 
    from
        risk_assessments ra1_0
Hibernate: 
    select
        count(ra1_0.id) 
    from
        risk_assessments ra1_0 
    where
        ra1_0.risk_level=?
Hibernate: 
    select
        count(ra1_0.id) 
    from
        risk_assessments ra1_0 
    where
        ra1_0.risk_level=?
Hibernate: 
    select
        count(ra1_0.id) 
    from
        risk_assessments ra1_0 
    where
        ra1_0.risk_level=?
Hibernate: 
    select
        count(ra1_0.id) 
    from
        risk_assessments ra1_0 
    where
        ra1_0.risk_level=?
2025-06-12T11:41:56.867Z DEBUG 18295 --- [risk-asset-management] [io-12001-exec-4] c.j.r.service.RiskAssessmentService      : Fetching assessments due for review
Hibernate: 
    select
        ra1_0.id,
        ra1_0.assessment_date,
        ra1_0.assessor_name,
        ra1_0.asset_id,
        ra1_0.description,
        ra1_0.impact,
        ra1_0.mitigation_strategy,
        ra1_0.next_review_date,
        ra1_0.probability,
        ra1_0.risk_level,
        ra1_0.risk_score,
        ra1_0.risk_type,
        ra1_0.status 
    from
        risk_assessments ra1_0 
    where
        ra1_0.next_review_date<=?
2025-06-12T11:41:56.869Z DEBUG 18295 --- [risk-asset-management] [io-12001-exec-4] o.s.w.s.m.m.a.HttpEntityMethodProcessor  : Using 'application/json', given [*/*] and supported [application/json, application/*+json]
2025-06-12T11:41:56.869Z DEBUG 18295 --- [risk-asset-management] [io-12001-exec-4] o.s.w.s.m.m.a.HttpEntityMethodProcessor  : Writing [{assets={total=8, high=3, critical=2, low=0, typeDistribution={PHYSICAL_ASSET=1, INTELLECTUAL_PROPER (truncated)...]
2025-06-12T11:41:56.870Z DEBUG 18295 --- [risk-asset-management] [io-12001-exec-4] o.s.web.servlet.DispatcherServlet        : Completed 200 OK
2025-06-12T11:42:50.636Z DEBUG 18295 --- [risk-asset-management] [io-12001-exec-9] o.s.web.servlet.DispatcherServlet        : GET "/api/assets", parameters={}
2025-06-12T11:42:50.637Z DEBUG 18295 --- [risk-asset-management] [io-12001-exec-9] s.w.s.m.m.a.RequestMappingHandlerMapping : Mapped to com.jpmc.riskasset.controller.AssetController#getAllAssets()
2025-06-12T11:42:50.637Z DEBUG 18295 --- [risk-asset-management] [io-12001-exec-9] c.jpmc.riskasset.service.AssetService    : Fetching all assets
Hibernate: 
    select
        a1_0.id,
        a1_0.asset_value,
        a1_0.business_unit,
        a1_0.category,
        a1_0.created_date,
        a1_0.criticality_level,
        a1_0.description,
        a1_0.last_updated,
        a1_0.name,
        a1_0.owner_email,
        a1_0.owner_name,
        a1_0.type 
    from
        assets a1_0
2025-06-12T11:42:50.641Z DEBUG 18295 --- [risk-asset-management] [io-12001-exec-9] o.s.w.s.m.m.a.HttpEntityMethodProcessor  : Using 'application/json;q=0.8', given [text/html, application/xhtml+xml, image/avif, image/webp, image/apng, application/xml;q=0.9, */*;q=0.8, application/signed-exchange;v=b3;q=0.7] and supported [application/json, application/*+json]
Hibernate: 
    select
        ra1_0.asset_id,
        ra1_0.id,
        ra1_0.assessment_date,
        ra1_0.assessor_name,
        ra1_0.description,
        ra1_0.impact,
        ra1_0.mitigation_strategy,
        ra1_0.next_review_date,
        ra1_0.probability,
        ra1_0.risk_level,
        ra1_0.risk_score,
        ra1_0.risk_type,
        ra1_0.status 
    from
        risk_assessments ra1_0 
    where
        ra1_0.asset_id=?
2025-06-12T11:42:50.646Z DEBUG 18295 --- [risk-asset-management] [io-12001-exec-9] o.s.w.s.m.m.a.HttpEntityMethodProcessor  : Writing [java.lang.StackOverflowError]
Hibernate: 
    select
        ra1_0.asset_id,
        ra1_0.id,
        ra1_0.assessment_date,
        ra1_0.assessor_name,
        ra1_0.description,
        ra1_0.impact,
        ra1_0.mitigation_strategy,
        ra1_0.next_review_date,
        ra1_0.probability,
        ra1_0.risk_level,
        ra1_0.risk_score,
        ra1_0.risk_type,
        ra1_0.status 
    from
        risk_assessments ra1_0 
    where
        ra1_0.asset_id=?
Hibernate: 
    select
        ra1_0.asset_id,
        ra1_0.id,
        ra1_0.assessment_date,
        ra1_0.assessor_name,
        ra1_0.description,
        ra1_0.impact,
        ra1_0.mitigation_strategy,
        ra1_0.next_review_date,
        ra1_0.probability,
        ra1_0.risk_level,
        ra1_0.risk_score,
        ra1_0.risk_type,
        ra1_0.status 
    from
        risk_assessments ra1_0 
    where
        ra1_0.asset_id=?
Hibernate: 
    select
        ra1_0.asset_id,
        ra1_0.id,
        ra1_0.assessment_date,
        ra1_0.assessor_name,
        ra1_0.description,
        ra1_0.impact,
        ra1_0.mitigation_strategy,
        ra1_0.next_review_date,
        ra1_0.probability,
        ra1_0.risk_level,
        ra1_0.risk_score,
        ra1_0.risk_type,
        ra1_0.status 
    from
        risk_assessments ra1_0 
    where
        ra1_0.asset_id=?
Hibernate: 
    select
        ra1_0.asset_id,
        ra1_0.id,
        ra1_0.assessment_date,
        ra1_0.assessor_name,
        ra1_0.description,
        ra1_0.impact,
        ra1_0.mitigation_strategy,
        ra1_0.next_review_date,
        ra1_0.probability,
        ra1_0.risk_level,
        ra1_0.risk_score,
        ra1_0.risk_type,
        ra1_0.status 
    from
        risk_assessments ra1_0 
    where
        ra1_0.asset_id=?
Hibernate: 
    select
        ra1_0.asset_id,
        ra1_0.id,
        ra1_0.assessment_date,
        ra1_0.assessor_name,
        ra1_0.description,
        ra1_0.impact,
        ra1_0.mitigation_strategy,
        ra1_0.next_review_date,
        ra1_0.probability,
        ra1_0.risk_level,
        ra1_0.risk_score,
        ra1_0.risk_type,
        ra1_0.status 
    from
        risk_assessments ra1_0 
    where
        ra1_0.asset_id=?
Hibernate: 
    select
        ra1_0.asset_id,
        ra1_0.id,
        ra1_0.assessment_date,
        ra1_0.assessor_name,
        ra1_0.description,
        ra1_0.impact,
        ra1_0.mitigation_strategy,
        ra1_0.next_review_date,
        ra1_0.probability,
        ra1_0.risk_level,
        ra1_0.risk_score,
        ra1_0.risk_type,
        ra1_0.status 
    from
        risk_assessments ra1_0 
    where
        ra1_0.asset_id=?
Hibernate: 
    select
        ra1_0.asset_id,
        ra1_0.id,
        ra1_0.assessment_date,
        ra1_0.assessor_name,
        ra1_0.description,
        ra1_0.impact,
        ra1_0.mitigation_strategy,
        ra1_0.next_review_date,
        ra1_0.probability,
        ra1_0.risk_level,
        ra1_0.risk_score,
        ra1_0.risk_type,
        ra1_0.status 
    from
        risk_assessments ra1_0 
    where
        ra1_0.asset_id=?
2025-06-12T11:42:50.655Z DEBUG 18295 --- [risk-asset-management] [io-12001-exec-9] o.s.web.servlet.DispatcherServlet        : Completed 200 OK
2025-06-12T11:43:14.944Z DEBUG 18295 --- [risk-asset-management] [io-12001-exec-1] o.s.web.servlet.DispatcherServlet        : GET "/api/risk-assessments", parameters={}
2025-06-12T11:43:14.944Z DEBUG 18295 --- [risk-asset-management] [io-12001-exec-1] s.w.s.m.m.a.RequestMappingHandlerMapping : Mapped to com.jpmc.riskasset.controller.RiskAssessmentController#getAllRiskAssessments()
2025-06-12T11:43:14.945Z DEBUG 18295 --- [risk-asset-management] [io-12001-exec-1] c.j.r.service.RiskAssessmentService      : Fetching all risk assessments
Hibernate: 
    select
        ra1_0.id,
        ra1_0.assessment_date,
        ra1_0.assessor_name,
        ra1_0.asset_id,
        ra1_0.description,
        ra1_0.impact,
        ra1_0.mitigation_strategy,
        ra1_0.next_review_date,
        ra1_0.probability,
        ra1_0.risk_level,
        ra1_0.risk_score,
        ra1_0.risk_type,
        ra1_0.status 
    from
        risk_assessments ra1_0
2025-06-12T11:43:14.954Z DEBUG 18295 --- [risk-asset-management] [io-12001-exec-1] o.s.w.s.m.m.a.HttpEntityMethodProcessor  : Using 'application/json;q=0.8', given [text/html, application/xhtml+xml, image/avif, image/webp, image/apng, application/xml;q=0.9, */*;q=0.8, application/signed-exchange;v=b3;q=0.7] and supported [application/json, application/*+json]
Hibernate: 
    select
        a1_0.id,
        a1_0.asset_value,
        a1_0.business_unit,
        a1_0.category,
        a1_0.created_date,
        a1_0.criticality_level,
        a1_0.description,
        a1_0.last_updated,
        a1_0.name,
        a1_0.owner_email,
        a1_0.owner_name,
        a1_0.type 
    from
        assets a1_0 
    where
        a1_0.id=?
Hibernate: 
    select
        ra1_0.asset_id,
        ra1_0.id,
        ra1_0.assessment_date,
        ra1_0.assessor_name,
        ra1_0.description,
        ra1_0.impact,
        ra1_0.mitigation_strategy,
        ra1_0.next_review_date,
        ra1_0.probability,
        ra1_0.risk_level,
        ra1_0.risk_score,
        ra1_0.risk_type,
        ra1_0.status 
    from
        risk_assessments ra1_0 
    where
        ra1_0.asset_id=?
2025-06-12T11:43:14.987Z DEBUG 18295 --- [risk-asset-management] [io-12001-exec-1] o.s.w.s.m.m.a.HttpEntityMethodProcessor  : Writing [java.lang.StackOverflowError]
2025-06-12T11:43:14.989Z DEBUG 18295 --- [risk-asset-management] [io-12001-exec-1] o.s.web.servlet.DispatcherServlet        : Completed 200 OK
2025-06-12T11:45:07.957Z DEBUG 18295 --- [risk-asset-management] [io-12001-exec-2] o.s.web.servlet.DispatcherServlet        : OPTIONS "/api/dashboard/stats", parameters={}
2025-06-12T11:45:07.958Z DEBUG 18295 --- [risk-asset-management] [io-12001-exec-4] o.s.web.servlet.DispatcherServlet        : OPTIONS "/api/dashboard/asset-distribution", parameters={}
2025-06-12T11:45:07.958Z DEBUG 18295 --- [risk-asset-management] [io-12001-exec-2] s.w.s.m.m.a.RequestMappingHandlerMapping : Mapped to com.jpmc.riskasset.controller.DashboardController#getDashboardStats()
2025-06-12T11:45:07.958Z DEBUG 18295 --- [risk-asset-management] [io-12001-exec-6] o.s.web.servlet.DispatcherServlet        : OPTIONS "/api/dashboard/risk-distribution", parameters={}
2025-06-12T11:45:07.959Z DEBUG 18295 --- [risk-asset-management] [io-12001-exec-6] s.w.s.m.m.a.RequestMappingHandlerMapping : Mapped to com.jpmc.riskasset.controller.DashboardController#getRiskDistribution()
2025-06-12T11:45:07.959Z DEBUG 18295 --- [risk-asset-management] [io-12001-exec-9] o.s.web.servlet.DispatcherServlet        : OPTIONS "/api/dashboard/stats", parameters={}
2025-06-12T11:45:07.960Z DEBUG 18295 --- [risk-asset-management] [io-12001-exec-9] s.w.s.m.m.a.RequestMappingHandlerMapping : Mapped to com.jpmc.riskasset.controller.DashboardController#getDashboardStats()
2025-06-12T11:45:07.960Z DEBUG 18295 --- [risk-asset-management] [io-12001-exec-5] o.s.web.servlet.DispatcherServlet        : OPTIONS "/api/dashboard/risk-distribution", parameters={}
2025-06-12T11:45:07.960Z DEBUG 18295 --- [risk-asset-management] [io-12001-exec-9] o.s.web.servlet.DispatcherServlet        : Completed 200 OK
2025-06-12T11:45:07.960Z DEBUG 18295 --- [risk-asset-management] [io-12001-exec-5] s.w.s.m.m.a.RequestMappingHandlerMapping : Mapped to com.jpmc.riskasset.controller.DashboardController#getRiskDistribution()
2025-06-12T11:45:07.961Z DEBUG 18295 --- [risk-asset-management] [io-12001-exec-5] o.s.web.servlet.DispatcherServlet        : Completed 200 OK
2025-06-12T11:45:07.961Z DEBUG 18295 --- [risk-asset-management] [io-12001-exec-4] s.w.s.m.m.a.RequestMappingHandlerMapping : Mapped to com.jpmc.riskasset.controller.DashboardController#getAssetDistribution()
2025-06-12T11:45:07.962Z DEBUG 18295 --- [risk-asset-management] [io-12001-exec-4] o.s.web.servlet.DispatcherServlet        : Completed 200 OK
2025-06-12T11:45:07.962Z DEBUG 18295 --- [risk-asset-management] [io-12001-exec-2] o.s.web.servlet.DispatcherServlet        : Completed 200 OK
2025-06-12T11:45:07.962Z DEBUG 18295 --- [risk-asset-management] [io-12001-exec-6] o.s.web.servlet.DispatcherServlet        : Completed 200 OK
2025-06-12T11:45:07.969Z DEBUG 18295 --- [risk-asset-management] [io-12001-exec-7] o.s.web.servlet.DispatcherServlet        : OPTIONS "/api/dashboard/asset-distribution", parameters={}
2025-06-12T11:45:07.969Z DEBUG 18295 --- [risk-asset-management] [io-12001-exec-1] o.s.web.servlet.DispatcherServlet        : GET "/api/dashboard/asset-distribution", parameters={}
2025-06-12T11:45:07.970Z DEBUG 18295 --- [risk-asset-management] [io-12001-exec-7] s.w.s.m.m.a.RequestMappingHandlerMapping : Mapped to com.jpmc.riskasset.controller.DashboardController#getAssetDistribution()
2025-06-12T11:45:07.969Z DEBUG 18295 --- [risk-asset-management] [io-12001-exec-8] o.s.web.servlet.DispatcherServlet        : GET "/api/dashboard/stats", parameters={}
2025-06-12T11:45:07.970Z DEBUG 18295 --- [risk-asset-management] [io-12001-exec-8] s.w.s.m.m.a.RequestMappingHandlerMapping : Mapped to com.jpmc.riskasset.controller.DashboardController#getDashboardStats()
2025-06-12T11:45:07.970Z DEBUG 18295 --- [risk-asset-management] [io-12001-exec-7] o.s.web.servlet.DispatcherServlet        : Completed 200 OK
2025-06-12T11:45:07.971Z DEBUG 18295 --- [risk-asset-management] [io-12001-exec-8] c.jpmc.riskasset.service.AssetService    : Fetching all assets
2025-06-12T11:45:07.969Z DEBUG 18295 --- [risk-asset-management] [o-12001-exec-10] o.s.web.servlet.DispatcherServlet        : GET "/api/dashboard/risk-distribution", parameters={}
2025-06-12T11:45:07.972Z DEBUG 18295 --- [risk-asset-management] [o-12001-exec-10] s.w.s.m.m.a.RequestMappingHandlerMapping : Mapped to com.jpmc.riskasset.controller.DashboardController#getRiskDistribution()
2025-06-12T11:45:07.972Z DEBUG 18295 --- [risk-asset-management] [o-12001-exec-10] c.j.r.service.RiskAssessmentService      : Fetching risk assessments by type: OPERATIONAL
2025-06-12T11:45:07.970Z DEBUG 18295 --- [risk-asset-management] [io-12001-exec-1] s.w.s.m.m.a.RequestMappingHandlerMapping : Mapped to com.jpmc.riskasset.controller.DashboardController#getAssetDistribution()
Hibernate: 
    select
        a1_0.id,
        a1_0.asset_value,
        a1_0.business_unit,
        a1_0.category,
        a1_0.created_date,
        a1_0.criticality_level,
        a1_0.description,
        a1_0.last_updated,
        a1_0.name,
        a1_0.owner_email,
        a1_0.owner_name,
        a1_0.type 
    from
        assets a1_0
Hibernate: 
    select
        count(a1_0.id) 
    from
        assets a1_0 
    where
        a1_0.type=?
Hibernate: 
    select
        count(a1_0.id) 
    from
        assets a1_0 
    where
        a1_0.criticality_level=?
Hibernate: 
    select
        count(a1_0.id) 
    from
        assets a1_0 
    where
        a1_0.type=?
Hibernate: 
    select
        ra1_0.id,
        ra1_0.assessment_date,
        ra1_0.assessor_name,
        ra1_0.asset_id,
        ra1_0.description,
        ra1_0.impact,
        ra1_0.mitigation_strategy,
        ra1_0.next_review_date,
        ra1_0.probability,
        ra1_0.risk_level,
        ra1_0.risk_score,
        ra1_0.risk_type,
        ra1_0.status 
    from
        risk_assessments ra1_0 
    where
        ra1_0.risk_type=?
Hibernate: 
    select
        count(a1_0.id) 
    from
        assets a1_0 
    where
        a1_0.criticality_level=?
Hibernate: 
    select
        count(a1_0.id) 
    from
        assets a1_0 
    where
        a1_0.type=?
Hibernate: 
    select
        count(a1_0.id) 
    from
        assets a1_0 
    where
        a1_0.criticality_level=?
Hibernate: 
    select
        count(a1_0.id) 
    from
        assets a1_0 
    where
        a1_0.type=?
Hibernate: 
    select
        count(a1_0.id) 
    from
        assets a1_0 
    where
        a1_0.criticality_level=?
2025-06-12T11:45:07.981Z DEBUG 18295 --- [risk-asset-management] [o-12001-exec-10] c.j.r.service.RiskAssessmentService      : Fetching risk assessments by type: FINANCIAL
Hibernate: 
    select
        count(a1_0.id) 
    from
        assets a1_0 
    where
        a1_0.type=?
Hibernate: 
    select
        count(a1_0.id) 
    from
        assets a1_0 
    where
        a1_0.type=?
Hibernate: 
    select
        ra1_0.id,
        ra1_0.assessment_date,
        ra1_0.assessor_name,
        ra1_0.asset_id,
        ra1_0.description,
        ra1_0.impact,
        ra1_0.mitigation_strategy,
        ra1_0.next_review_date,
        ra1_0.probability,
        ra1_0.risk_level,
        ra1_0.risk_score,
        ra1_0.risk_type,
        ra1_0.status 
    from
        risk_assessments ra1_0 
    where
        ra1_0.risk_type=?
Hibernate: 
    select
        count(a1_0.id) 
    from
        assets a1_0 
    where
        a1_0.type=?
2025-06-12T11:45:07.983Z DEBUG 18295 --- [risk-asset-management] [o-12001-exec-10] c.j.r.service.RiskAssessmentService      : Fetching risk assessments by type: COMPLIANCE
Hibernate: 
    select
        count(a1_0.id) 
    from
        assets a1_0 
    where
        a1_0.type=?
Hibernate: 
    select
        ra1_0.id,
        ra1_0.assessment_date,
        ra1_0.assessor_name,
        ra1_0.asset_id,
        ra1_0.description,
        ra1_0.impact,
        ra1_0.mitigation_strategy,
        ra1_0.next_review_date,
        ra1_0.probability,
        ra1_0.risk_level,
        ra1_0.risk_score,
        ra1_0.risk_type,
        ra1_0.status 
    from
        risk_assessments ra1_0 
    where
        ra1_0.risk_type=?
Hibernate: 
    select
        count(a1_0.id) 
    from
        assets a1_0 
    where
        a1_0.type=?
2025-06-12T11:45:07.985Z DEBUG 18295 --- [risk-asset-management] [o-12001-exec-10] c.j.r.service.RiskAssessmentService      : Fetching risk assessments by type: STRATEGIC
Hibernate: 
    select
        count(a1_0.id) 
    from
        assets a1_0 
    where
        a1_0.type=?
Hibernate: 
    select
        count(a1_0.id) 
    from
        assets a1_0 
    where
        a1_0.type=?
Hibernate: 
    select
        ra1_0.id,
        ra1_0.assessment_date,
        ra1_0.assessor_name,
        ra1_0.asset_id,
        ra1_0.description,
        ra1_0.impact,
        ra1_0.mitigation_strategy,
        ra1_0.next_review_date,
        ra1_0.probability,
        ra1_0.risk_level,
        ra1_0.risk_score,
        ra1_0.risk_type,
        ra1_0.status 
    from
        risk_assessments ra1_0 
    where
        ra1_0.risk_type=?
Hibernate: 
    select
        count(a1_0.id) 
    from
        assets a1_0 
    where
        a1_0.type=?
Hibernate: 
    select
        count(a1_0.id) 
    from
        assets a1_0 
    where
        a1_0.criticality_level=?
Hibernate: 
    select
        count(a1_0.id) 
    from
        assets a1_0 
    where
        a1_0.type=?
Hibernate: 
    select
        count(a1_0.id) 
    from
        assets a1_0 
    where
        a1_0.type=?
2025-06-12T11:45:07.988Z DEBUG 18295 --- [risk-asset-management] [o-12001-exec-10] c.j.r.service.RiskAssessmentService      : Fetching risk assessments by type: REPUTATIONAL
Hibernate: 
    select
        count(a1_0.id) 
    from
        assets a1_0 
    where
        a1_0.criticality_level=?
Hibernate: 
    select
        count(a1_0.id) 
    from
        assets a1_0 
    where
        a1_0.criticality_level=?
Hibernate: 
    select
        ra1_0.id,
        ra1_0.assessment_date,
        ra1_0.assessor_name,
        ra1_0.asset_id,
        ra1_0.description,
        ra1_0.impact,
        ra1_0.mitigation_strategy,
        ra1_0.next_review_date,
        ra1_0.probability,
        ra1_0.risk_level,
        ra1_0.risk_score,
        ra1_0.risk_type,
        ra1_0.status 
    from
        risk_assessments ra1_0 
    where
        ra1_0.risk_type=?
Hibernate: 
    select
        count(a1_0.id) 
    from
        assets a1_0 
    where
        a1_0.criticality_level=?
2025-06-12T11:45:07.991Z DEBUG 18295 --- [risk-asset-management] [o-12001-exec-10] c.j.r.service.RiskAssessmentService      : Fetching risk assessments by type: TECHNOLOGY
Hibernate: 
    select
        count(a1_0.id) 
    from
        assets a1_0 
    where
        a1_0.type=?
Hibernate: 
    select
        ra1_0.id,
        ra1_0.assessment_date,
        ra1_0.assessor_name,
        ra1_0.asset_id,
        ra1_0.description,
        ra1_0.impact,
        ra1_0.mitigation_strategy,
        ra1_0.next_review_date,
        ra1_0.probability,
        ra1_0.risk_level,
        ra1_0.risk_score,
        ra1_0.risk_type,
        ra1_0.status 
    from
        risk_assessments ra1_0 
    where
        ra1_0.risk_type=?
Hibernate: 
    select
        count(a1_0.id) 
    from
        assets a1_0 
    where
        a1_0.type=?
2025-06-12T11:45:07.993Z DEBUG 18295 --- [risk-asset-management] [o-12001-exec-10] c.j.r.service.RiskAssessmentService      : Fetching risk assessments by type: MARKET
2025-06-12T11:45:07.993Z DEBUG 18295 --- [risk-asset-management] [io-12001-exec-8] c.j.r.service.RiskAssessmentService      : Fetching all risk assessments
2025-06-12T11:45:07.992Z DEBUG 18295 --- [risk-asset-management] [io-12001-exec-1] o.s.w.s.m.m.a.HttpEntityMethodProcessor  : Using 'application/json', given [application/json, text/plain, */*] and supported [application/json, application/*+json]
2025-06-12T11:45:07.994Z DEBUG 18295 --- [risk-asset-management] [io-12001-exec-1] o.s.w.s.m.m.a.HttpEntityMethodProcessor  : Writing [{byCriticality={HIGH=3, MEDIUM=3, LOW=0, CRITICAL=2}, byType={PHYSICAL_ASSET=1, INTELLECTUAL_PROPERT (truncated)...]
Hibernate: 
    select
        ra1_0.id,
        ra1_0.assessment_date,
        ra1_0.assessor_name,
        ra1_0.asset_id,
        ra1_0.description,
        ra1_0.impact,
        ra1_0.mitigation_strategy,
        ra1_0.next_review_date,
        ra1_0.probability,
        ra1_0.risk_level,
        ra1_0.risk_score,
        ra1_0.risk_type,
        ra1_0.status 
    from
        risk_assessments ra1_0 
    where
        ra1_0.risk_type=?
Hibernate: 
    select
        ra1_0.id,
        ra1_0.assessment_date,
        ra1_0.assessor_name,
        ra1_0.asset_id,
        ra1_0.description,
        ra1_0.impact,
        ra1_0.mitigation_strategy,
        ra1_0.next_review_date,
        ra1_0.probability,
        ra1_0.risk_level,
        ra1_0.risk_score,
        ra1_0.risk_type,
        ra1_0.status 
    from
        risk_assessments ra1_0
2025-06-12T11:45:07.996Z DEBUG 18295 --- [risk-asset-management] [io-12001-exec-3] o.s.web.servlet.DispatcherServlet        : GET "/api/dashboard/asset-distribution", parameters={}
2025-06-12T11:45:07.996Z DEBUG 18295 --- [risk-asset-management] [o-12001-exec-10] c.j.r.service.RiskAssessmentService      : Fetching risk assessments by type: CREDIT
2025-06-12T11:45:07.996Z DEBUG 18295 --- [risk-asset-management] [io-12001-exec-3] s.w.s.m.m.a.RequestMappingHandlerMapping : Mapped to com.jpmc.riskasset.controller.DashboardController#getAssetDistribution()
Hibernate: 
    select
        ra1_0.id,
        ra1_0.assessment_date,
        ra1_0.assessor_name,
        ra1_0.asset_id,
        ra1_0.description,
        ra1_0.impact,
        ra1_0.mitigation_strategy,
        ra1_0.next_review_date,
        ra1_0.probability,
        ra1_0.risk_level,
        ra1_0.risk_score,
        ra1_0.risk_type,
        ra1_0.status 
    from
        risk_assessments ra1_0 
    where
        ra1_0.risk_type=?
Hibernate: 
    select
        count(a1_0.id) 
    from
        assets a1_0 
    where
        a1_0.type=?
2025-06-12T11:45:07.997Z DEBUG 18295 --- [risk-asset-management] [o-12001-exec-10] c.j.r.service.RiskAssessmentService      : Fetching risk assessments by type: LIQUIDITY
Hibernate: 
    select
        count(ra1_0.id) 
    from
        risk_assessments ra1_0 
    where
        ra1_0.risk_level=?
Hibernate: 
    select
        ra1_0.id,
        ra1_0.assessment_date,
        ra1_0.assessor_name,
        ra1_0.asset_id,
        ra1_0.description,
        ra1_0.impact,
        ra1_0.mitigation_strategy,
        ra1_0.next_review_date,
        ra1_0.probability,
        ra1_0.risk_level,
        ra1_0.risk_score,
        ra1_0.risk_type,
        ra1_0.status 
    from
        risk_assessments ra1_0 
    where
        ra1_0.risk_type=?
2025-06-12T11:45:07.999Z DEBUG 18295 --- [risk-asset-management] [o-12001-exec-10] c.j.r.service.RiskAssessmentService      : Fetching risk assessments by type: CYBERSECURITY
Hibernate: 
    select
        count(ra1_0.id) 
    from
        risk_assessments ra1_0 
    where
        ra1_0.risk_level=?
Hibernate: 
    select
        count(a1_0.id) 
    from
        assets a1_0 
    where
        a1_0.type=?
2025-06-12T11:45:08.000Z DEBUG 18295 --- [risk-asset-management] [io-12001-exec-1] o.s.web.servlet.DispatcherServlet        : Completed 200 OK
Hibernate: 
    select
        ra1_0.id,
        ra1_0.assessment_date,
        ra1_0.assessor_name,
        ra1_0.asset_id,
        ra1_0.description,
        ra1_0.impact,
        ra1_0.mitigation_strategy,
        ra1_0.next_review_date,
        ra1_0.probability,
        ra1_0.risk_level,
        ra1_0.risk_score,
        ra1_0.risk_type,
        ra1_0.status 
    from
        risk_assessments ra1_0 
    where
        ra1_0.risk_type=?
Hibernate: 
    select
        count(a1_0.id) 
    from
        assets a1_0 
    where
        a1_0.type=?
Hibernate: 
    select
        count(ra1_0.id) 
    from
        risk_assessments ra1_0 
    where
        ra1_0.risk_level=?
Hibernate: 
    select
        count(ra1_0.id) 
    from
        risk_assessments ra1_0 
    where
        ra1_0.risk_level=?
Hibernate: 
    select
        count(a1_0.id) 
    from
        assets a1_0 
    where
        a1_0.type=?
Hibernate: 
    select
        count(ra1_0.id) 
    from
        risk_assessments ra1_0 
    where
        ra1_0.risk_level=?
Hibernate: 
    select
        count(ra1_0.id) 
    from
        risk_assessments ra1_0 
    where
        ra1_0.risk_level=?
2025-06-12T11:45:08.003Z DEBUG 18295 --- [risk-asset-management] [io-12001-exec-8] c.j.r.service.RiskAssessmentService      : Fetching assessments due for review
Hibernate: 
    select
        ra1_0.id,
        ra1_0.assessment_date,
        ra1_0.assessor_name,
        ra1_0.asset_id,
        ra1_0.description,
        ra1_0.impact,
        ra1_0.mitigation_strategy,
        ra1_0.next_review_date,
        ra1_0.probability,
        ra1_0.risk_level,
        ra1_0.risk_score,
        ra1_0.risk_type,
        ra1_0.status 
    from
        risk_assessments ra1_0 
    where
        ra1_0.next_review_date<=?
Hibernate: 
    select
        count(a1_0.id) 
    from
        assets a1_0 
    where
        a1_0.type=?
2025-06-12T11:45:08.005Z DEBUG 18295 --- [risk-asset-management] [io-12001-exec-8] o.s.w.s.m.m.a.HttpEntityMethodProcessor  : Using 'application/json', given [application/json, text/plain, */*] and supported [application/json, application/*+json]
2025-06-12T11:45:08.005Z DEBUG 18295 --- [risk-asset-management] [io-12001-exec-8] o.s.w.s.m.m.a.HttpEntityMethodProcessor  : Writing [{assets={total=8, high=3, critical=2, low=0, typeDistribution={PHYSICAL_ASSET=1, INTELLECTUAL_PROPER (truncated)...]
Hibernate: 
    select
        count(a1_0.id) 
    from
        assets a1_0 
    where
        a1_0.type=?
2025-06-12T11:45:08.007Z DEBUG 18295 --- [risk-asset-management] [io-12001-exec-8] o.s.web.servlet.DispatcherServlet        : Completed 200 OK
2025-06-12T11:45:08.007Z DEBUG 18295 --- [risk-asset-management] [io-12001-exec-4] o.s.web.servlet.DispatcherServlet        : GET "/api/dashboard/stats", parameters={}
2025-06-12T11:45:08.007Z DEBUG 18295 --- [risk-asset-management] [io-12001-exec-4] s.w.s.m.m.a.RequestMappingHandlerMapping : Mapped to com.jpmc.riskasset.controller.DashboardController#getDashboardStats()
2025-06-12T11:45:08.008Z DEBUG 18295 --- [risk-asset-management] [io-12001-exec-4] c.jpmc.riskasset.service.AssetService    : Fetching all assets
Hibernate: 
    select
        a1_0.id,
        a1_0.asset_value,
        a1_0.business_unit,
        a1_0.category,
        a1_0.created_date,
        a1_0.criticality_level,
        a1_0.description,
        a1_0.last_updated,
        a1_0.name,
        a1_0.owner_email,
        a1_0.owner_name,
        a1_0.type 
    from
        assets a1_0
Hibernate: 
    select
        count(ra1_0.id) 
    from
        risk_assessments ra1_0 
    where
        ra1_0.risk_level=?
Hibernate: 
    select
        count(ra1_0.id) 
    from
        risk_assessments ra1_0 
    where
        ra1_0.risk_level=?
2025-06-12T11:45:08.019Z DEBUG 18295 --- [risk-asset-management] [o-12001-exec-10] o.s.w.s.m.m.a.HttpEntityMethodProcessor  : Using 'application/json', given [application/json, text/plain, */*] and supported [application/json, application/*+json]
2025-06-12T11:45:08.019Z DEBUG 18295 --- [risk-asset-management] [o-12001-exec-10] o.s.w.s.m.m.a.HttpEntityMethodProcessor  : Writing [{byLevel={HIGH=4, MEDIUM=3, LOW=0, CRITICAL=1}, byType={CREDIT=0, LIQUIDITY=0, MARKET=1, REPUTATIONA (truncated)...]
Hibernate: 
    select
        count(a1_0.id) 
    from
        assets a1_0 
    where
        a1_0.criticality_level=?
2025-06-12T11:45:08.021Z DEBUG 18295 --- [risk-asset-management] [io-12001-exec-6] o.s.web.servlet.DispatcherServlet        : GET "/api/dashboard/risk-distribution", parameters={}
2025-06-12T11:45:08.021Z DEBUG 18295 --- [risk-asset-management] [io-12001-exec-6] s.w.s.m.m.a.RequestMappingHandlerMapping : Mapped to com.jpmc.riskasset.controller.DashboardController#getRiskDistribution()
2025-06-12T11:45:08.022Z DEBUG 18295 --- [risk-asset-management] [io-12001-exec-6] c.j.r.service.RiskAssessmentService      : Fetching risk assessments by type: OPERATIONAL
Hibernate: 
    select
        ra1_0.id,
        ra1_0.assessment_date,
        ra1_0.assessor_name,
        ra1_0.asset_id,
        ra1_0.description,
        ra1_0.impact,
        ra1_0.mitigation_strategy,
        ra1_0.next_review_date,
        ra1_0.probability,
        ra1_0.risk_level,
        ra1_0.risk_score,
        ra1_0.risk_type,
        ra1_0.status 
    from
        risk_assessments ra1_0 
    where
        ra1_0.risk_type=?
2025-06-12T11:45:08.026Z DEBUG 18295 --- [risk-asset-management] [io-12001-exec-6] c.j.r.service.RiskAssessmentService      : Fetching risk assessments by type: FINANCIAL
2025-06-12T11:45:08.026Z DEBUG 18295 --- [risk-asset-management] [o-12001-exec-10] o.s.web.servlet.DispatcherServlet        : Completed 200 OK
Hibernate: 
    select
        ra1_0.id,
        ra1_0.assessment_date,
        ra1_0.assessor_name,
        ra1_0.asset_id,
        ra1_0.description,
        ra1_0.impact,
        ra1_0.mitigation_strategy,
        ra1_0.next_review_date,
        ra1_0.probability,
        ra1_0.risk_level,
        ra1_0.risk_score,
        ra1_0.risk_type,
        ra1_0.status 
    from
        risk_assessments ra1_0 
    where
        ra1_0.risk_type=?
2025-06-12T11:45:08.027Z DEBUG 18295 --- [risk-asset-management] [io-12001-exec-6] c.j.r.service.RiskAssessmentService      : Fetching risk assessments by type: COMPLIANCE
Hibernate: 
    select
        ra1_0.id,
        ra1_0.assessment_date,
        ra1_0.assessor_name,
        ra1_0.asset_id,
        ra1_0.description,
        ra1_0.impact,
        ra1_0.mitigation_strategy,
        ra1_0.next_review_date,
        ra1_0.probability,
        ra1_0.risk_level,
        ra1_0.risk_score,
        ra1_0.risk_type,
        ra1_0.status 
    from
        risk_assessments ra1_0 
    where
        ra1_0.risk_type=?
2025-06-12T11:45:08.029Z DEBUG 18295 --- [risk-asset-management] [io-12001-exec-6] c.j.r.service.RiskAssessmentService      : Fetching risk assessments by type: STRATEGIC
Hibernate: 
    select
        ra1_0.id,
        ra1_0.assessment_date,
        ra1_0.assessor_name,
        ra1_0.asset_id,
        ra1_0.description,
        ra1_0.impact,
        ra1_0.mitigation_strategy,
        ra1_0.next_review_date,
        ra1_0.probability,
        ra1_0.risk_level,
        ra1_0.risk_score,
        ra1_0.risk_type,
        ra1_0.status 
    from
        risk_assessments ra1_0 
    where
        ra1_0.risk_type=?
2025-06-12T11:45:08.031Z DEBUG 18295 --- [risk-asset-management] [io-12001-exec-6] c.j.r.service.RiskAssessmentService      : Fetching risk assessments by type: REPUTATIONAL
Hibernate: 
    select
        count(a1_0.id) 
    from
        assets a1_0 
    where
        a1_0.criticality_level=?
Hibernate: 
    select
        ra1_0.id,
        ra1_0.assessment_date,
        ra1_0.assessor_name,
        ra1_0.asset_id,
        ra1_0.description,
        ra1_0.impact,
        ra1_0.mitigation_strategy,
        ra1_0.next_review_date,
        ra1_0.probability,
        ra1_0.risk_level,
        ra1_0.risk_score,
        ra1_0.risk_type,
        ra1_0.status 
    from
        risk_assessments ra1_0 
    where
        ra1_0.risk_type=?
2025-06-12T11:45:08.033Z DEBUG 18295 --- [risk-asset-management] [io-12001-exec-6] c.j.r.service.RiskAssessmentService      : Fetching risk assessments by type: TECHNOLOGY
Hibernate: 
    select
        count(a1_0.id) 
    from
        assets a1_0 
    where
        a1_0.criticality_level=?
Hibernate: 
    select
        count(a1_0.id) 
    from
        assets a1_0 
    where
        a1_0.type=?
Hibernate: 
    select
        count(a1_0.id) 
    from
        assets a1_0 
    where
        a1_0.type=?
Hibernate: 
    select
        count(a1_0.id) 
    from
        assets a1_0 
    where
        a1_0.criticality_level=?
Hibernate: 
    select
        count(a1_0.id) 
    from
        assets a1_0 
    where
        a1_0.criticality_level=?
Hibernate: 
    select
        count(a1_0.id) 
    from
        assets a1_0 
    where
        a1_0.criticality_level=?
Hibernate: 
    select
        count(a1_0.id) 
    from
        assets a1_0 
    where
        a1_0.type=?
Hibernate: 
    select
        count(a1_0.id) 
    from
        assets a1_0 
    where
        a1_0.type=?
Hibernate: 
    select
        count(a1_0.id) 
    from
        assets a1_0 
    where
        a1_0.criticality_level=?
Hibernate: 
    select
        count(a1_0.id) 
    from
        assets a1_0 
    where
        a1_0.criticality_level=?
2025-06-12T11:45:08.047Z DEBUG 18295 --- [risk-asset-management] [io-12001-exec-3] o.s.w.s.m.m.a.HttpEntityMethodProcessor  : Using 'application/json', given [application/json, text/plain, */*] and supported [application/json, application/*+json]
2025-06-12T11:45:08.047Z DEBUG 18295 --- [risk-asset-management] [io-12001-exec-3] o.s.w.s.m.m.a.HttpEntityMethodProcessor  : Writing [{byCriticality={HIGH=3, MEDIUM=3, LOW=0, CRITICAL=2}, byType={PHYSICAL_ASSET=1, INTELLECTUAL_PROPERT (truncated)...]
Hibernate: 
    select
        count(a1_0.id) 
    from
        assets a1_0 
    where
        a1_0.type=?
Hibernate: 
    select
        count(a1_0.id) 
    from
        assets a1_0 
    where
        a1_0.type=?
Hibernate: 
    select
        count(a1_0.id) 
    from
        assets a1_0 
    where
        a1_0.type=?
Hibernate: 
    select
        count(a1_0.id) 
    from
        assets a1_0 
    where
        a1_0.type=?
Hibernate: 
    select
        ra1_0.id,
        ra1_0.assessment_date,
        ra1_0.assessor_name,
        ra1_0.asset_id,
        ra1_0.description,
        ra1_0.impact,
        ra1_0.mitigation_strategy,
        ra1_0.next_review_date,
        ra1_0.probability,
        ra1_0.risk_level,
        ra1_0.risk_score,
        ra1_0.risk_type,
        ra1_0.status 
    from
        risk_assessments ra1_0 
    where
        ra1_0.risk_type=?
2025-06-12T11:45:08.053Z DEBUG 18295 --- [risk-asset-management] [io-12001-exec-3] o.s.web.servlet.DispatcherServlet        : Completed 200 OK
2025-06-12T11:45:08.055Z DEBUG 18295 --- [risk-asset-management] [io-12001-exec-6] c.j.r.service.RiskAssessmentService      : Fetching risk assessments by type: MARKET
Hibernate: 
    select
        ra1_0.id,
        ra1_0.assessment_date,
        ra1_0.assessor_name,
        ra1_0.asset_id,
        ra1_0.description,
        ra1_0.impact,
        ra1_0.mitigation_strategy,
        ra1_0.next_review_date,
        ra1_0.probability,
        ra1_0.risk_level,
        ra1_0.risk_score,
        ra1_0.risk_type,
        ra1_0.status 
    from
        risk_assessments ra1_0 
    where
        ra1_0.risk_type=?
Hibernate: 
    select
        count(a1_0.id) 
    from
        assets a1_0 
    where
        a1_0.type=?
2025-06-12T11:45:08.059Z DEBUG 18295 --- [risk-asset-management] [io-12001-exec-6] c.j.r.service.RiskAssessmentService      : Fetching risk assessments by type: CREDIT
Hibernate: 
    select
        ra1_0.id,
        ra1_0.assessment_date,
        ra1_0.assessor_name,
        ra1_0.asset_id,
        ra1_0.description,
        ra1_0.impact,
        ra1_0.mitigation_strategy,
        ra1_0.next_review_date,
        ra1_0.probability,
        ra1_0.risk_level,
        ra1_0.risk_score,
        ra1_0.risk_type,
        ra1_0.status 
    from
        risk_assessments ra1_0 
    where
        ra1_0.risk_type=?
2025-06-12T11:45:08.061Z DEBUG 18295 --- [risk-asset-management] [io-12001-exec-6] c.j.r.service.RiskAssessmentService      : Fetching risk assessments by type: LIQUIDITY
Hibernate: 
    select
        count(a1_0.id) 
    from
        assets a1_0 
    where
        a1_0.type=?
2025-06-12T11:45:08.061Z DEBUG 18295 --- [risk-asset-management] [io-12001-exec-4] c.j.r.service.RiskAssessmentService      : Fetching all risk assessments
Hibernate: 
    select
        ra1_0.id,
        ra1_0.assessment_date,
        ra1_0.assessor_name,
        ra1_0.asset_id,
        ra1_0.description,
        ra1_0.impact,
        ra1_0.mitigation_strategy,
        ra1_0.next_review_date,
        ra1_0.probability,
        ra1_0.risk_level,
        ra1_0.risk_score,
        ra1_0.risk_type,
        ra1_0.status 
    from
        risk_assessments ra1_0 
    where
        ra1_0.risk_type=?
2025-06-12T11:45:08.062Z DEBUG 18295 --- [risk-asset-management] [io-12001-exec-6] c.j.r.service.RiskAssessmentService      : Fetching risk assessments by type: CYBERSECURITY
Hibernate: 
    select
        ra1_0.id,
        ra1_0.assessment_date,
        ra1_0.assessor_name,
        ra1_0.asset_id,
        ra1_0.description,
        ra1_0.impact,
        ra1_0.mitigation_strategy,
        ra1_0.next_review_date,
        ra1_0.probability,
        ra1_0.risk_level,
        ra1_0.risk_score,
        ra1_0.risk_type,
        ra1_0.status 
    from
        risk_assessments ra1_0 
    where
        ra1_0.risk_type=?
Hibernate: 
    select
        ra1_0.id,
        ra1_0.assessment_date,
        ra1_0.assessor_name,
        ra1_0.asset_id,
        ra1_0.description,
        ra1_0.impact,
        ra1_0.mitigation_strategy,
        ra1_0.next_review_date,
        ra1_0.probability,
        ra1_0.risk_level,
        ra1_0.risk_score,
        ra1_0.risk_type,
        ra1_0.status 
    from
        risk_assessments ra1_0
Hibernate: 
    select
        count(ra1_0.id) 
    from
        risk_assessments ra1_0 
    where
        ra1_0.risk_level=?
Hibernate: 
    select
        count(ra1_0.id) 
    from
        risk_assessments ra1_0 
    where
        ra1_0.risk_level=?
Hibernate: 
    select
        count(ra1_0.id) 
    from
        risk_assessments ra1_0 
    where
        ra1_0.risk_level=?
Hibernate: 
    select
        count(ra1_0.id) 
    from
        risk_assessments ra1_0 
    where
        ra1_0.risk_level=?
2025-06-12T11:45:08.077Z DEBUG 18295 --- [risk-asset-management] [io-12001-exec-4] c.j.r.service.RiskAssessmentService      : Fetching assessments due for review
Hibernate: 
    select
        ra1_0.id,
        ra1_0.assessment_date,
        ra1_0.assessor_name,
        ra1_0.asset_id,
        ra1_0.description,
        ra1_0.impact,
        ra1_0.mitigation_strategy,
        ra1_0.next_review_date,
        ra1_0.probability,
        ra1_0.risk_level,
        ra1_0.risk_score,
        ra1_0.risk_type,
        ra1_0.status 
    from
        risk_assessments ra1_0 
    where
        ra1_0.next_review_date<=?
Hibernate: 
    select
        count(ra1_0.id) 
    from
        risk_assessments ra1_0 
    where
        ra1_0.risk_level=?
2025-06-12T11:45:08.079Z DEBUG 18295 --- [risk-asset-management] [io-12001-exec-4] o.s.w.s.m.m.a.HttpEntityMethodProcessor  : Using 'application/json', given [application/json, text/plain, */*] and supported [application/json, application/*+json]
2025-06-12T11:45:08.079Z DEBUG 18295 --- [risk-asset-management] [io-12001-exec-4] o.s.w.s.m.m.a.HttpEntityMethodProcessor  : Writing [{assets={total=8, high=3, critical=2, low=0, typeDistribution={PHYSICAL_ASSET=1, INTELLECTUAL_PROPER (truncated)...]
2025-06-12T11:45:08.081Z DEBUG 18295 --- [risk-asset-management] [io-12001-exec-4] o.s.web.servlet.DispatcherServlet        : Completed 200 OK
Hibernate: 
    select
        count(ra1_0.id) 
    from
        risk_assessments ra1_0 
    where
        ra1_0.risk_level=?
Hibernate: 
    select
        count(ra1_0.id) 
    from
        risk_assessments ra1_0 
    where
        ra1_0.risk_level=?
Hibernate: 
    select
        count(ra1_0.id) 
    from
        risk_assessments ra1_0 
    where
        ra1_0.risk_level=?
2025-06-12T11:45:08.089Z DEBUG 18295 --- [risk-asset-management] [io-12001-exec-6] o.s.w.s.m.m.a.HttpEntityMethodProcessor  : Using 'application/json', given [application/json, text/plain, */*] and supported [application/json, application/*+json]
2025-06-12T11:45:08.095Z DEBUG 18295 --- [risk-asset-management] [io-12001-exec-6] o.s.w.s.m.m.a.HttpEntityMethodProcessor  : Writing [{byLevel={HIGH=4, MEDIUM=3, LOW=0, CRITICAL=1}, byType={CREDIT=0, LIQUIDITY=0, MARKET=1, REPUTATIONA (truncated)...]
2025-06-12T11:45:08.098Z DEBUG 18295 --- [risk-asset-management] [io-12001-exec-6] o.s.web.servlet.DispatcherServlet        : Completed 200 OK
2025-06-12T11:45:14.941Z DEBUG 18295 --- [risk-asset-management] [io-12001-exec-5] o.s.web.servlet.DispatcherServlet        : OPTIONS "/api/assets", parameters={}
2025-06-12T11:45:14.941Z DEBUG 18295 --- [risk-asset-management] [io-12001-exec-5] s.w.s.m.m.a.RequestMappingHandlerMapping : Mapped to com.jpmc.riskasset.controller.AssetController#getAllAssets()
2025-06-12T11:45:14.942Z DEBUG 18295 --- [risk-asset-management] [io-12001-exec-2] o.s.web.servlet.DispatcherServlet        : OPTIONS "/api/assets", parameters={}
2025-06-12T11:45:14.943Z DEBUG 18295 --- [risk-asset-management] [io-12001-exec-5] o.s.web.servlet.DispatcherServlet        : Completed 200 OK
2025-06-12T11:45:14.943Z DEBUG 18295 --- [risk-asset-management] [io-12001-exec-2] s.w.s.m.m.a.RequestMappingHandlerMapping : Mapped to com.jpmc.riskasset.controller.AssetController#getAllAssets()
2025-06-12T11:45:14.943Z DEBUG 18295 --- [risk-asset-management] [io-12001-exec-2] o.s.web.servlet.DispatcherServlet        : Completed 200 OK
2025-06-12T11:45:14.944Z DEBUG 18295 --- [risk-asset-management] [io-12001-exec-5] o.s.web.servlet.DispatcherServlet        : OPTIONS "/api/assets", parameters={}
2025-06-12T11:45:14.944Z DEBUG 18295 --- [risk-asset-management] [io-12001-exec-5] s.w.s.m.m.a.RequestMappingHandlerMapping : Mapped to com.jpmc.riskasset.controller.AssetController#getAllAssets()
2025-06-12T11:45:14.944Z DEBUG 18295 --- [risk-asset-management] [io-12001-exec-5] o.s.web.servlet.DispatcherServlet        : Completed 200 OK
2025-06-12T11:45:14.945Z DEBUG 18295 --- [risk-asset-management] [io-12001-exec-5] o.s.web.servlet.DispatcherServlet        : GET "/api/assets", parameters={}
2025-06-12T11:45:14.945Z DEBUG 18295 --- [risk-asset-management] [io-12001-exec-5] s.w.s.m.m.a.RequestMappingHandlerMapping : Mapped to com.jpmc.riskasset.controller.AssetController#getAllAssets()
2025-06-12T11:45:14.946Z DEBUG 18295 --- [risk-asset-management] [io-12001-exec-5] c.jpmc.riskasset.service.AssetService    : Fetching all assets
Hibernate: 
    select
        a1_0.id,
        a1_0.asset_value,
        a1_0.business_unit,
        a1_0.category,
        a1_0.created_date,
        a1_0.criticality_level,
        a1_0.description,
        a1_0.last_updated,
        a1_0.name,
        a1_0.owner_email,
        a1_0.owner_name,
        a1_0.type 
    from
        assets a1_0
2025-06-12T11:45:14.949Z DEBUG 18295 --- [risk-asset-management] [io-12001-exec-2] o.s.web.servlet.DispatcherServlet        : OPTIONS "/api/assets", parameters={}
2025-06-12T11:45:14.949Z DEBUG 18295 --- [risk-asset-management] [io-12001-exec-2] s.w.s.m.m.a.RequestMappingHandlerMapping : Mapped to com.jpmc.riskasset.controller.AssetController#getAllAssets()
2025-06-12T11:45:14.950Z DEBUG 18295 --- [risk-asset-management] [io-12001-exec-2] o.s.web.servlet.DispatcherServlet        : Completed 200 OK
2025-06-12T11:45:14.952Z DEBUG 18295 --- [risk-asset-management] [io-12001-exec-5] o.s.w.s.m.m.a.HttpEntityMethodProcessor  : Using 'application/json', given [application/json, text/plain, */*] and supported [application/json, application/*+json]
Hibernate: 
    select
        ra1_0.asset_id,
        ra1_0.id,
        ra1_0.assessment_date,
        ra1_0.assessor_name,
        ra1_0.description,
        ra1_0.impact,
        ra1_0.mitigation_strategy,
        ra1_0.next_review_date,
        ra1_0.probability,
        ra1_0.risk_level,
        ra1_0.risk_score,
        ra1_0.risk_type,
        ra1_0.status 
    from
        risk_assessments ra1_0 
    where
        ra1_0.asset_id=?
2025-06-12T11:45:14.956Z DEBUG 18295 --- [risk-asset-management] [io-12001-exec-5] o.s.w.s.m.m.a.HttpEntityMethodProcessor  : Writing [java.lang.StackOverflowError]
Hibernate: 
    select
        ra1_0.asset_id,
        ra1_0.id,
        ra1_0.assessment_date,
        ra1_0.assessor_name,
        ra1_0.description,
        ra1_0.impact,
        ra1_0.mitigation_strategy,
        ra1_0.next_review_date,
        ra1_0.probability,
        ra1_0.risk_level,
        ra1_0.risk_score,
        ra1_0.risk_type,
        ra1_0.status 
    from
        risk_assessments ra1_0 
    where
        ra1_0.asset_id=?
Hibernate: 
    select
        ra1_0.asset_id,
        ra1_0.id,
        ra1_0.assessment_date,
        ra1_0.assessor_name,
        ra1_0.description,
        ra1_0.impact,
        ra1_0.mitigation_strategy,
        ra1_0.next_review_date,
        ra1_0.probability,
        ra1_0.risk_level,
        ra1_0.risk_score,
        ra1_0.risk_type,
        ra1_0.status 
    from
        risk_assessments ra1_0 
    where
        ra1_0.asset_id=?
Hibernate: 
    select
        ra1_0.asset_id,
        ra1_0.id,
        ra1_0.assessment_date,
        ra1_0.assessor_name,
        ra1_0.description,
        ra1_0.impact,
        ra1_0.mitigation_strategy,
        ra1_0.next_review_date,
        ra1_0.probability,
        ra1_0.risk_level,
        ra1_0.risk_score,
        ra1_0.risk_type,
        ra1_0.status 
    from
        risk_assessments ra1_0 
    where
        ra1_0.asset_id=?
Hibernate: 
    select
        ra1_0.asset_id,
        ra1_0.id,
        ra1_0.assessment_date,
        ra1_0.assessor_name,
        ra1_0.description,
        ra1_0.impact,
        ra1_0.mitigation_strategy,
        ra1_0.next_review_date,
        ra1_0.probability,
        ra1_0.risk_level,
        ra1_0.risk_score,
        ra1_0.risk_type,
        ra1_0.status 
    from
        risk_assessments ra1_0 
    where
        ra1_0.asset_id=?
Hibernate: 
    select
        ra1_0.asset_id,
        ra1_0.id,
        ra1_0.assessment_date,
        ra1_0.assessor_name,
        ra1_0.description,
        ra1_0.impact,
        ra1_0.mitigation_strategy,
        ra1_0.next_review_date,
        ra1_0.probability,
        ra1_0.risk_level,
        ra1_0.risk_score,
        ra1_0.risk_type,
        ra1_0.status 
    from
        risk_assessments ra1_0 
    where
        ra1_0.asset_id=?
Hibernate: 
    select
        ra1_0.asset_id,
        ra1_0.id,
        ra1_0.assessment_date,
        ra1_0.assessor_name,
        ra1_0.description,
        ra1_0.impact,
        ra1_0.mitigation_strategy,
        ra1_0.next_review_date,
        ra1_0.probability,
        ra1_0.risk_level,
        ra1_0.risk_score,
        ra1_0.risk_type,
        ra1_0.status 
    from
        risk_assessments ra1_0 
    where
        ra1_0.asset_id=?
Hibernate: 
    select
        ra1_0.asset_id,
        ra1_0.id,
        ra1_0.assessment_date,
        ra1_0.assessor_name,
        ra1_0.description,
        ra1_0.impact,
        ra1_0.mitigation_strategy,
        ra1_0.next_review_date,
        ra1_0.probability,
        ra1_0.risk_level,
        ra1_0.risk_score,
        ra1_0.risk_type,
        ra1_0.status 
    from
        risk_assessments ra1_0 
    where
        ra1_0.asset_id=?
2025-06-12T11:45:14.974Z DEBUG 18295 --- [risk-asset-management] [io-12001-exec-8] o.s.web.servlet.DispatcherServlet        : GET "/api/assets", parameters={}
2025-06-12T11:45:14.974Z DEBUG 18295 --- [risk-asset-management] [io-12001-exec-8] s.w.s.m.m.a.RequestMappingHandlerMapping : Mapped to com.jpmc.riskasset.controller.AssetController#getAllAssets()
2025-06-12T11:45:14.975Z DEBUG 18295 --- [risk-asset-management] [io-12001-exec-8] c.jpmc.riskasset.service.AssetService    : Fetching all assets
Hibernate: 
    select
        a1_0.id,
        a1_0.asset_value,
        a1_0.business_unit,
        a1_0.category,
        a1_0.created_date,
        a1_0.criticality_level,
        a1_0.description,
        a1_0.last_updated,
        a1_0.name,
        a1_0.owner_email,
        a1_0.owner_name,
        a1_0.type 
    from
        assets a1_0
2025-06-12T11:45:14.978Z DEBUG 18295 --- [risk-asset-management] [io-12001-exec-8] o.s.w.s.m.m.a.HttpEntityMethodProcessor  : Using 'application/json', given [application/json, text/plain, */*] and supported [application/json, application/*+json]
Hibernate: 
    select
        ra1_0.asset_id,
        ra1_0.id,
        ra1_0.assessment_date,
        ra1_0.assessor_name,
        ra1_0.description,
        ra1_0.impact,
        ra1_0.mitigation_strategy,
        ra1_0.next_review_date,
        ra1_0.probability,
        ra1_0.risk_level,
        ra1_0.risk_score,
        ra1_0.risk_type,
        ra1_0.status 
    from
        risk_assessments ra1_0 
    where
        ra1_0.asset_id=?
2025-06-12T11:45:14.985Z DEBUG 18295 --- [risk-asset-management] [io-12001-exec-8] o.s.w.s.m.m.a.HttpEntityMethodProcessor  : Writing [java.lang.StackOverflowError]
2025-06-12T11:45:14.986Z DEBUG 18295 --- [risk-asset-management] [io-12001-exec-5] o.s.web.servlet.DispatcherServlet        : Completed 200 OK
Hibernate: 
    select
        ra1_0.asset_id,
        ra1_0.id,
        ra1_0.assessment_date,
        ra1_0.assessor_name,
        ra1_0.description,
        ra1_0.impact,
        ra1_0.mitigation_strategy,
        ra1_0.next_review_date,
        ra1_0.probability,
        ra1_0.risk_level,
        ra1_0.risk_score,
        ra1_0.risk_type,
        ra1_0.status 
    from
        risk_assessments ra1_0 
    where
        ra1_0.asset_id=?
Hibernate: 
    select
        ra1_0.asset_id,
        ra1_0.id,
        ra1_0.assessment_date,
        ra1_0.assessor_name,
        ra1_0.description,
        ra1_0.impact,
        ra1_0.mitigation_strategy,
        ra1_0.next_review_date,
        ra1_0.probability,
        ra1_0.risk_level,
        ra1_0.risk_score,
        ra1_0.risk_type,
        ra1_0.status 
    from
        risk_assessments ra1_0 
    where
        ra1_0.asset_id=?
Hibernate: 
    select
        ra1_0.asset_id,
        ra1_0.id,
        ra1_0.assessment_date,
        ra1_0.assessor_name,
        ra1_0.description,
        ra1_0.impact,
        ra1_0.mitigation_strategy,
        ra1_0.next_review_date,
        ra1_0.probability,
        ra1_0.risk_level,
        ra1_0.risk_score,
        ra1_0.risk_type,
        ra1_0.status 
    from
        risk_assessments ra1_0 
    where
        ra1_0.asset_id=?
Hibernate: 
    select
        ra1_0.asset_id,
        ra1_0.id,
        ra1_0.assessment_date,
        ra1_0.assessor_name,
        ra1_0.description,
        ra1_0.impact,
        ra1_0.mitigation_strategy,
        ra1_0.next_review_date,
        ra1_0.probability,
        ra1_0.risk_level,
        ra1_0.risk_score,
        ra1_0.risk_type,
        ra1_0.status 
    from
        risk_assessments ra1_0 
    where
        ra1_0.asset_id=?
Hibernate: 
    select
        ra1_0.asset_id,
        ra1_0.id,
        ra1_0.assessment_date,
        ra1_0.assessor_name,
        ra1_0.description,
        ra1_0.impact,
        ra1_0.mitigation_strategy,
        ra1_0.next_review_date,
        ra1_0.probability,
        ra1_0.risk_level,
        ra1_0.risk_score,
        ra1_0.risk_type,
        ra1_0.status 
    from
        risk_assessments ra1_0 
    where
        ra1_0.asset_id=?
Hibernate: 
    select
        ra1_0.asset_id,
        ra1_0.id,
        ra1_0.assessment_date,
        ra1_0.assessor_name,
        ra1_0.description,
        ra1_0.impact,
        ra1_0.mitigation_strategy,
        ra1_0.next_review_date,
        ra1_0.probability,
        ra1_0.risk_level,
        ra1_0.risk_score,
        ra1_0.risk_type,
        ra1_0.status 
    from
        risk_assessments ra1_0 
    where
        ra1_0.asset_id=?
Hibernate: 
    select
        ra1_0.asset_id,
        ra1_0.id,
        ra1_0.assessment_date,
        ra1_0.assessor_name,
        ra1_0.description,
        ra1_0.impact,
        ra1_0.mitigation_strategy,
        ra1_0.next_review_date,
        ra1_0.probability,
        ra1_0.risk_level,
        ra1_0.risk_score,
        ra1_0.risk_type,
        ra1_0.status 
    from
        risk_assessments ra1_0 
    where
        ra1_0.asset_id=?
2025-06-12T11:45:14.998Z DEBUG 18295 --- [risk-asset-management] [o-12001-exec-10] o.s.web.servlet.DispatcherServlet        : GET "/api/assets", parameters={}
2025-06-12T11:45:14.999Z DEBUG 18295 --- [risk-asset-management] [o-12001-exec-10] s.w.s.m.m.a.RequestMappingHandlerMapping : Mapped to com.jpmc.riskasset.controller.AssetController#getAllAssets()
2025-06-12T11:45:15.000Z DEBUG 18295 --- [risk-asset-management] [o-12001-exec-10] c.jpmc.riskasset.service.AssetService    : Fetching all assets
2025-06-12T11:45:15.000Z DEBUG 18295 --- [risk-asset-management] [io-12001-exec-8] o.s.web.servlet.DispatcherServlet        : Completed 200 OK
Hibernate: 
    select
        a1_0.id,
        a1_0.asset_value,
        a1_0.business_unit,
        a1_0.category,
        a1_0.created_date,
        a1_0.criticality_level,
        a1_0.description,
        a1_0.last_updated,
        a1_0.name,
        a1_0.owner_email,
        a1_0.owner_name,
        a1_0.type 
    from
        assets a1_0
2025-06-12T11:45:15.004Z DEBUG 18295 --- [risk-asset-management] [o-12001-exec-10] o.s.w.s.m.m.a.HttpEntityMethodProcessor  : Using 'application/json', given [application/json, text/plain, */*] and supported [application/json, application/*+json]
Hibernate: 
    select
        ra1_0.asset_id,
        ra1_0.id,
        ra1_0.assessment_date,
        ra1_0.assessor_name,
        ra1_0.description,
        ra1_0.impact,
        ra1_0.mitigation_strategy,
        ra1_0.next_review_date,
        ra1_0.probability,
        ra1_0.risk_level,
        ra1_0.risk_score,
        ra1_0.risk_type,
        ra1_0.status 
    from
        risk_assessments ra1_0 
    where
        ra1_0.asset_id=?
2025-06-12T11:45:15.024Z DEBUG 18295 --- [risk-asset-management] [o-12001-exec-10] o.s.w.s.m.m.a.HttpEntityMethodProcessor  : Writing [java.lang.StackOverflowError]
Hibernate: 
    select
        ra1_0.asset_id,
        ra1_0.id,
        ra1_0.assessment_date,
        ra1_0.assessor_name,
        ra1_0.description,
        ra1_0.impact,
        ra1_0.mitigation_strategy,
        ra1_0.next_review_date,
        ra1_0.probability,
        ra1_0.risk_level,
        ra1_0.risk_score,
        ra1_0.risk_type,
        ra1_0.status 
    from
        risk_assessments ra1_0 
    where
        ra1_0.asset_id=?
Hibernate: 
    select
        ra1_0.asset_id,
        ra1_0.id,
        ra1_0.assessment_date,
        ra1_0.assessor_name,
        ra1_0.description,
        ra1_0.impact,
        ra1_0.mitigation_strategy,
        ra1_0.next_review_date,
        ra1_0.probability,
        ra1_0.risk_level,
        ra1_0.risk_score,
        ra1_0.risk_type,
        ra1_0.status 
    from
        risk_assessments ra1_0 
    where
        ra1_0.asset_id=?
Hibernate: 
    select
        ra1_0.asset_id,
        ra1_0.id,
        ra1_0.assessment_date,
        ra1_0.assessor_name,
        ra1_0.description,
        ra1_0.impact,
        ra1_0.mitigation_strategy,
        ra1_0.next_review_date,
        ra1_0.probability,
        ra1_0.risk_level,
        ra1_0.risk_score,
        ra1_0.risk_type,
        ra1_0.status 
    from
        risk_assessments ra1_0 
    where
        ra1_0.asset_id=?
Hibernate: 
    select
        ra1_0.asset_id,
        ra1_0.id,
        ra1_0.assessment_date,
        ra1_0.assessor_name,
        ra1_0.description,
        ra1_0.impact,
        ra1_0.mitigation_strategy,
        ra1_0.next_review_date,
        ra1_0.probability,
        ra1_0.risk_level,
        ra1_0.risk_score,
        ra1_0.risk_type,
        ra1_0.status 
    from
        risk_assessments ra1_0 
    where
        ra1_0.asset_id=?
Hibernate: 
    select
        ra1_0.asset_id,
        ra1_0.id,
        ra1_0.assessment_date,
        ra1_0.assessor_name,
        ra1_0.description,
        ra1_0.impact,
        ra1_0.mitigation_strategy,
        ra1_0.next_review_date,
        ra1_0.probability,
        ra1_0.risk_level,
        ra1_0.risk_score,
        ra1_0.risk_type,
        ra1_0.status 
    from
        risk_assessments ra1_0 
    where
        ra1_0.asset_id=?
Hibernate: 
    select
        ra1_0.asset_id,
        ra1_0.id,
        ra1_0.assessment_date,
        ra1_0.assessor_name,
        ra1_0.description,
        ra1_0.impact,
        ra1_0.mitigation_strategy,
        ra1_0.next_review_date,
        ra1_0.probability,
        ra1_0.risk_level,
        ra1_0.risk_score,
        ra1_0.risk_type,
        ra1_0.status 
    from
        risk_assessments ra1_0 
    where
        ra1_0.asset_id=?
Hibernate: 
    select
        ra1_0.asset_id,
        ra1_0.id,
        ra1_0.assessment_date,
        ra1_0.assessor_name,
        ra1_0.description,
        ra1_0.impact,
        ra1_0.mitigation_strategy,
        ra1_0.next_review_date,
        ra1_0.probability,
        ra1_0.risk_level,
        ra1_0.risk_score,
        ra1_0.risk_type,
        ra1_0.status 
    from
        risk_assessments ra1_0 
    where
        ra1_0.asset_id=?
2025-06-12T11:45:15.037Z DEBUG 18295 --- [risk-asset-management] [io-12001-exec-3] o.s.web.servlet.DispatcherServlet        : GET "/api/assets", parameters={}
2025-06-12T11:45:15.038Z DEBUG 18295 --- [risk-asset-management] [io-12001-exec-3] s.w.s.m.m.a.RequestMappingHandlerMapping : Mapped to com.jpmc.riskasset.controller.AssetController#getAllAssets()
2025-06-12T11:45:15.038Z DEBUG 18295 --- [risk-asset-management] [io-12001-exec-3] c.jpmc.riskasset.service.AssetService    : Fetching all assets
2025-06-12T11:45:15.039Z DEBUG 18295 --- [risk-asset-management] [o-12001-exec-10] o.s.web.servlet.DispatcherServlet        : Completed 200 OK
Hibernate: 
    select
        a1_0.id,
        a1_0.asset_value,
        a1_0.business_unit,
        a1_0.category,
        a1_0.created_date,
        a1_0.criticality_level,
        a1_0.description,
        a1_0.last_updated,
        a1_0.name,
        a1_0.owner_email,
        a1_0.owner_name,
        a1_0.type 
    from
        assets a1_0
2025-06-12T11:45:15.042Z DEBUG 18295 --- [risk-asset-management] [io-12001-exec-3] o.s.w.s.m.m.a.HttpEntityMethodProcessor  : Using 'application/json', given [application/json, text/plain, */*] and supported [application/json, application/*+json]
Hibernate: 
    select
        ra1_0.asset_id,
        ra1_0.id,
        ra1_0.assessment_date,
        ra1_0.assessor_name,
        ra1_0.description,
        ra1_0.impact,
        ra1_0.mitigation_strategy,
        ra1_0.next_review_date,
        ra1_0.probability,
        ra1_0.risk_level,
        ra1_0.risk_score,
        ra1_0.risk_type,
        ra1_0.status 
    from
        risk_assessments ra1_0 
    where
        ra1_0.asset_id=?
2025-06-12T11:45:15.046Z DEBUG 18295 --- [risk-asset-management] [io-12001-exec-3] o.s.w.s.m.m.a.HttpEntityMethodProcessor  : Writing [java.lang.StackOverflowError]
Hibernate: 
    select
        ra1_0.asset_id,
        ra1_0.id,
        ra1_0.assessment_date,
        ra1_0.assessor_name,
        ra1_0.description,
        ra1_0.impact,
        ra1_0.mitigation_strategy,
        ra1_0.next_review_date,
        ra1_0.probability,
        ra1_0.risk_level,
        ra1_0.risk_score,
        ra1_0.risk_type,
        ra1_0.status 
    from
        risk_assessments ra1_0 
    where
        ra1_0.asset_id=?
Hibernate: 
    select
        ra1_0.asset_id,
        ra1_0.id,
        ra1_0.assessment_date,
        ra1_0.assessor_name,
        ra1_0.description,
        ra1_0.impact,
        ra1_0.mitigation_strategy,
        ra1_0.next_review_date,
        ra1_0.probability,
        ra1_0.risk_level,
        ra1_0.risk_score,
        ra1_0.risk_type,
        ra1_0.status 
    from
        risk_assessments ra1_0 
    where
        ra1_0.asset_id=?
Hibernate: 
    select
        ra1_0.asset_id,
        ra1_0.id,
        ra1_0.assessment_date,
        ra1_0.assessor_name,
        ra1_0.description,
        ra1_0.impact,
        ra1_0.mitigation_strategy,
        ra1_0.next_review_date,
        ra1_0.probability,
        ra1_0.risk_level,
        ra1_0.risk_score,
        ra1_0.risk_type,
        ra1_0.status 
    from
        risk_assessments ra1_0 
    where
        ra1_0.asset_id=?
Hibernate: 
    select
        ra1_0.asset_id,
        ra1_0.id,
        ra1_0.assessment_date,
        ra1_0.assessor_name,
        ra1_0.description,
        ra1_0.impact,
        ra1_0.mitigation_strategy,
        ra1_0.next_review_date,
        ra1_0.probability,
        ra1_0.risk_level,
        ra1_0.risk_score,
        ra1_0.risk_type,
        ra1_0.status 
    from
        risk_assessments ra1_0 
    where
        ra1_0.asset_id=?
Hibernate: 
    select
        ra1_0.asset_id,
        ra1_0.id,
        ra1_0.assessment_date,
        ra1_0.assessor_name,
        ra1_0.description,
        ra1_0.impact,
        ra1_0.mitigation_strategy,
        ra1_0.next_review_date,
        ra1_0.probability,
        ra1_0.risk_level,
        ra1_0.risk_score,
        ra1_0.risk_type,
        ra1_0.status 
    from
        risk_assessments ra1_0 
    where
        ra1_0.asset_id=?
Hibernate: 
    select
        ra1_0.asset_id,
        ra1_0.id,
        ra1_0.assessment_date,
        ra1_0.assessor_name,
        ra1_0.description,
        ra1_0.impact,
        ra1_0.mitigation_strategy,
        ra1_0.next_review_date,
        ra1_0.probability,
        ra1_0.risk_level,
        ra1_0.risk_score,
        ra1_0.risk_type,
        ra1_0.status 
    from
        risk_assessments ra1_0 
    where
        ra1_0.asset_id=?
Hibernate: 
    select
        ra1_0.asset_id,
        ra1_0.id,
        ra1_0.assessment_date,
        ra1_0.assessor_name,
        ra1_0.description,
        ra1_0.impact,
        ra1_0.mitigation_strategy,
        ra1_0.next_review_date,
        ra1_0.probability,
        ra1_0.risk_level,
        ra1_0.risk_score,
        ra1_0.risk_type,
        ra1_0.status 
    from
        risk_assessments ra1_0 
    where
        ra1_0.asset_id=?
2025-06-12T11:45:15.054Z DEBUG 18295 --- [risk-asset-management] [io-12001-exec-3] o.s.web.servlet.DispatcherServlet        : Completed 200 OK
2025-06-12T11:45:23.102Z DEBUG 18295 --- [risk-asset-management] [io-12001-exec-4] o.s.web.servlet.DispatcherServlet        : OPTIONS "/api/risk-assessments", parameters={}
2025-06-12T11:45:23.102Z DEBUG 18295 --- [risk-asset-management] [io-12001-exec-4] s.w.s.m.m.a.RequestMappingHandlerMapping : Mapped to com.jpmc.riskasset.controller.RiskAssessmentController#getAllRiskAssessments()
2025-06-12T11:45:23.102Z DEBUG 18295 --- [risk-asset-management] [io-12001-exec-6] o.s.web.servlet.DispatcherServlet        : OPTIONS "/api/risk-assessments", parameters={}
2025-06-12T11:45:23.102Z DEBUG 18295 --- [risk-asset-management] [io-12001-exec-9] o.s.web.servlet.DispatcherServlet        : GET "/api/assets", parameters={}
2025-06-12T11:45:23.103Z DEBUG 18295 --- [risk-asset-management] [io-12001-exec-9] s.w.s.m.m.a.RequestMappingHandlerMapping : Mapped to com.jpmc.riskasset.controller.AssetController#getAllAssets()
2025-06-12T11:45:23.104Z DEBUG 18295 --- [risk-asset-management] [io-12001-exec-9] c.jpmc.riskasset.service.AssetService    : Fetching all assets
2025-06-12T11:45:23.104Z DEBUG 18295 --- [risk-asset-management] [io-12001-exec-6] s.w.s.m.m.a.RequestMappingHandlerMapping : Mapped to com.jpmc.riskasset.controller.RiskAssessmentController#getAllRiskAssessments()
2025-06-12T11:45:23.105Z DEBUG 18295 --- [risk-asset-management] [io-12001-exec-4] o.s.web.servlet.DispatcherServlet        : Completed 200 OK
2025-06-12T11:45:23.105Z DEBUG 18295 --- [risk-asset-management] [io-12001-exec-7] o.s.web.servlet.DispatcherServlet        : OPTIONS "/api/risk-assessments", parameters={}
2025-06-12T11:45:23.105Z DEBUG 18295 --- [risk-asset-management] [io-12001-exec-7] s.w.s.m.m.a.RequestMappingHandlerMapping : Mapped to com.jpmc.riskasset.controller.RiskAssessmentController#getAllRiskAssessments()
2025-06-12T11:45:23.105Z DEBUG 18295 --- [risk-asset-management] [io-12001-exec-1] o.s.web.servlet.DispatcherServlet        : OPTIONS "/api/risk-assessments", parameters={}
2025-06-12T11:45:23.105Z DEBUG 18295 --- [risk-asset-management] [io-12001-exec-1] s.w.s.m.m.a.RequestMappingHandlerMapping : Mapped to com.jpmc.riskasset.controller.RiskAssessmentController#getAllRiskAssessments()
2025-06-12T11:45:23.105Z DEBUG 18295 --- [risk-asset-management] [io-12001-exec-7] o.s.web.servlet.DispatcherServlet        : Completed 200 OK
2025-06-12T11:45:23.105Z DEBUG 18295 --- [risk-asset-management] [io-12001-exec-1] o.s.web.servlet.DispatcherServlet        : Completed 200 OK
2025-06-12T11:45:23.107Z DEBUG 18295 --- [risk-asset-management] [io-12001-exec-6] o.s.web.servlet.DispatcherServlet        : Completed 200 OK
Hibernate: 
    select
        a1_0.id,
        a1_0.asset_value,
        a1_0.business_unit,
        a1_0.category,
        a1_0.created_date,
        a1_0.criticality_level,
        a1_0.description,
        a1_0.last_updated,
        a1_0.name,
        a1_0.owner_email,
        a1_0.owner_name,
        a1_0.type 
    from
        assets a1_0
2025-06-12T11:45:23.112Z DEBUG 18295 --- [risk-asset-management] [io-12001-exec-2] o.s.web.servlet.DispatcherServlet        : GET "/api/risk-assessments", parameters={}
2025-06-12T11:45:23.112Z DEBUG 18295 --- [risk-asset-management] [io-12001-exec-2] s.w.s.m.m.a.RequestMappingHandlerMapping : Mapped to com.jpmc.riskasset.controller.RiskAssessmentController#getAllRiskAssessments()
2025-06-12T11:45:23.112Z DEBUG 18295 --- [risk-asset-management] [io-12001-exec-9] o.s.w.s.m.m.a.HttpEntityMethodProcessor  : Using 'application/json', given [application/json, text/plain, */*] and supported [application/json, application/*+json]
Hibernate: 
    select
        ra1_0.asset_id,
        ra1_0.id,
        ra1_0.assessment_date,
        ra1_0.assessor_name,
        ra1_0.description,
        ra1_0.impact,
        ra1_0.mitigation_strategy,
        ra1_0.next_review_date,
        ra1_0.probability,
        ra1_0.risk_level,
        ra1_0.risk_score,
        ra1_0.risk_type,
        ra1_0.status 
    from
        risk_assessments ra1_0 
    where
        ra1_0.asset_id=?
2025-06-12T11:45:23.112Z DEBUG 18295 --- [risk-asset-management] [io-12001-exec-2] c.j.r.service.RiskAssessmentService      : Fetching all risk assessments
Hibernate: 
    select
        ra1_0.id,
        ra1_0.assessment_date,
        ra1_0.assessor_name,
        ra1_0.asset_id,
        ra1_0.description,
        ra1_0.impact,
        ra1_0.mitigation_strategy,
        ra1_0.next_review_date,
        ra1_0.probability,
        ra1_0.risk_level,
        ra1_0.risk_score,
        ra1_0.risk_type,
        ra1_0.status 
    from
        risk_assessments ra1_0
2025-06-12T11:45:23.116Z DEBUG 18295 --- [risk-asset-management] [io-12001-exec-2] o.s.w.s.m.m.a.HttpEntityMethodProcessor  : Using 'application/json', given [application/json, text/plain, */*] and supported [application/json, application/*+json]
Hibernate: 
    select
        a1_0.id,
        a1_0.asset_value,
        a1_0.business_unit,
        a1_0.category,
        a1_0.created_date,
        a1_0.criticality_level,
        a1_0.description,
        a1_0.last_updated,
        a1_0.name,
        a1_0.owner_email,
        a1_0.owner_name,
        a1_0.type 
    from
        assets a1_0 
    where
        a1_0.id=?
Hibernate: 
    select
        ra1_0.asset_id,
        ra1_0.id,
        ra1_0.assessment_date,
        ra1_0.assessor_name,
        ra1_0.description,
        ra1_0.impact,
        ra1_0.mitigation_strategy,
        ra1_0.next_review_date,
        ra1_0.probability,
        ra1_0.risk_level,
        ra1_0.risk_score,
        ra1_0.risk_type,
        ra1_0.status 
    from
        risk_assessments ra1_0 
    where
        ra1_0.asset_id=?
2025-06-12T11:45:23.117Z DEBUG 18295 --- [risk-asset-management] [io-12001-exec-9] o.s.w.s.m.m.a.HttpEntityMethodProcessor  : Writing [java.lang.StackOverflowError]
Hibernate: 
    select
        ra1_0.asset_id,
        ra1_0.id,
        ra1_0.assessment_date,
        ra1_0.assessor_name,
        ra1_0.description,
        ra1_0.impact,
        ra1_0.mitigation_strategy,
        ra1_0.next_review_date,
        ra1_0.probability,
        ra1_0.risk_level,
        ra1_0.risk_score,
        ra1_0.risk_type,
        ra1_0.status 
    from
        risk_assessments ra1_0 
    where
        ra1_0.asset_id=?
Hibernate: 
    select
        ra1_0.asset_id,
        ra1_0.id,
        ra1_0.assessment_date,
        ra1_0.assessor_name,
        ra1_0.description,
        ra1_0.impact,
        ra1_0.mitigation_strategy,
        ra1_0.next_review_date,
        ra1_0.probability,
        ra1_0.risk_level,
        ra1_0.risk_score,
        ra1_0.risk_type,
        ra1_0.status 
    from
        risk_assessments ra1_0 
    where
        ra1_0.asset_id=?
Hibernate: 
    select
        ra1_0.asset_id,
        ra1_0.id,
        ra1_0.assessment_date,
        ra1_0.assessor_name,
        ra1_0.description,
        ra1_0.impact,
        ra1_0.mitigation_strategy,
        ra1_0.next_review_date,
        ra1_0.probability,
        ra1_0.risk_level,
        ra1_0.risk_score,
        ra1_0.risk_type,
        ra1_0.status 
    from
        risk_assessments ra1_0 
    where
        ra1_0.asset_id=?
Hibernate: 
    select
        ra1_0.asset_id,
        ra1_0.id,
        ra1_0.assessment_date,
        ra1_0.assessor_name,
        ra1_0.description,
        ra1_0.impact,
        ra1_0.mitigation_strategy,
        ra1_0.next_review_date,
        ra1_0.probability,
        ra1_0.risk_level,
        ra1_0.risk_score,
        ra1_0.risk_type,
        ra1_0.status 
    from
        risk_assessments ra1_0 
    where
        ra1_0.asset_id=?
Hibernate: 
    select
        ra1_0.asset_id,
        ra1_0.id,
        ra1_0.assessment_date,
        ra1_0.assessor_name,
        ra1_0.description,
        ra1_0.impact,
        ra1_0.mitigation_strategy,
        ra1_0.next_review_date,
        ra1_0.probability,
        ra1_0.risk_level,
        ra1_0.risk_score,
        ra1_0.risk_type,
        ra1_0.status 
    from
        risk_assessments ra1_0 
    where
        ra1_0.asset_id=?
Hibernate: 
    select
        ra1_0.asset_id,
        ra1_0.id,
        ra1_0.assessment_date,
        ra1_0.assessor_name,
        ra1_0.description,
        ra1_0.impact,
        ra1_0.mitigation_strategy,
        ra1_0.next_review_date,
        ra1_0.probability,
        ra1_0.risk_level,
        ra1_0.risk_score,
        ra1_0.risk_type,
        ra1_0.status 
    from
        risk_assessments ra1_0 
    where
        ra1_0.asset_id=?
Hibernate: 
    select
        ra1_0.asset_id,
        ra1_0.id,
        ra1_0.assessment_date,
        ra1_0.assessor_name,
        ra1_0.description,
        ra1_0.impact,
        ra1_0.mitigation_strategy,
        ra1_0.next_review_date,
        ra1_0.probability,
        ra1_0.risk_level,
        ra1_0.risk_score,
        ra1_0.risk_type,
        ra1_0.status 
    from
        risk_assessments ra1_0 
    where
        ra1_0.asset_id=?
2025-06-12T11:45:23.129Z DEBUG 18295 --- [risk-asset-management] [io-12001-exec-5] o.s.web.servlet.DispatcherServlet        : GET "/api/assets", parameters={}
2025-06-12T11:45:23.129Z DEBUG 18295 --- [risk-asset-management] [io-12001-exec-5] s.w.s.m.m.a.RequestMappingHandlerMapping : Mapped to com.jpmc.riskasset.controller.AssetController#getAllAssets()
2025-06-12T11:45:23.130Z DEBUG 18295 --- [risk-asset-management] [io-12001-exec-5] c.jpmc.riskasset.service.AssetService    : Fetching all assets
Hibernate: 
    select
        a1_0.id,
        a1_0.asset_value,
        a1_0.business_unit,
        a1_0.category,
        a1_0.created_date,
        a1_0.criticality_level,
        a1_0.description,
        a1_0.last_updated,
        a1_0.name,
        a1_0.owner_email,
        a1_0.owner_name,
        a1_0.type 
    from
        assets a1_0
2025-06-12T11:45:23.133Z DEBUG 18295 --- [risk-asset-management] [io-12001-exec-5] o.s.w.s.m.m.a.HttpEntityMethodProcessor  : Using 'application/json', given [application/json, text/plain, */*] and supported [application/json, application/*+json]
Hibernate: 
    select
        ra1_0.asset_id,
        ra1_0.id,
        ra1_0.assessment_date,
        ra1_0.assessor_name,
        ra1_0.description,
        ra1_0.impact,
        ra1_0.mitigation_strategy,
        ra1_0.next_review_date,
        ra1_0.probability,
        ra1_0.risk_level,
        ra1_0.risk_score,
        ra1_0.risk_type,
        ra1_0.status 
    from
        risk_assessments ra1_0 
    where
        ra1_0.asset_id=?
2025-06-12T11:45:23.136Z DEBUG 18295 --- [risk-asset-management] [io-12001-exec-9] o.s.web.servlet.DispatcherServlet        : Completed 200 OK
2025-06-12T11:45:23.139Z DEBUG 18295 --- [risk-asset-management] [io-12001-exec-5] o.s.w.s.m.m.a.HttpEntityMethodProcessor  : Writing [java.lang.StackOverflowError]
Hibernate: 
    select
        ra1_0.asset_id,
        ra1_0.id,
        ra1_0.assessment_date,
        ra1_0.assessor_name,
        ra1_0.description,
        ra1_0.impact,
        ra1_0.mitigation_strategy,
        ra1_0.next_review_date,
        ra1_0.probability,
        ra1_0.risk_level,
        ra1_0.risk_score,
        ra1_0.risk_type,
        ra1_0.status 
    from
        risk_assessments ra1_0 
    where
        ra1_0.asset_id=?
Hibernate: 
    select
        ra1_0.asset_id,
        ra1_0.id,
        ra1_0.assessment_date,
        ra1_0.assessor_name,
        ra1_0.description,
        ra1_0.impact,
        ra1_0.mitigation_strategy,
        ra1_0.next_review_date,
        ra1_0.probability,
        ra1_0.risk_level,
        ra1_0.risk_score,
        ra1_0.risk_type,
        ra1_0.status 
    from
        risk_assessments ra1_0 
    where
        ra1_0.asset_id=?
Hibernate: 
    select
        ra1_0.asset_id,
        ra1_0.id,
        ra1_0.assessment_date,
        ra1_0.assessor_name,
        ra1_0.description,
        ra1_0.impact,
        ra1_0.mitigation_strategy,
        ra1_0.next_review_date,
        ra1_0.probability,
        ra1_0.risk_level,
        ra1_0.risk_score,
        ra1_0.risk_type,
        ra1_0.status 
    from
        risk_assessments ra1_0 
    where
        ra1_0.asset_id=?
Hibernate: 
    select
        ra1_0.asset_id,
        ra1_0.id,
        ra1_0.assessment_date,
        ra1_0.assessor_name,
        ra1_0.description,
        ra1_0.impact,
        ra1_0.mitigation_strategy,
        ra1_0.next_review_date,
        ra1_0.probability,
        ra1_0.risk_level,
        ra1_0.risk_score,
        ra1_0.risk_type,
        ra1_0.status 
    from
        risk_assessments ra1_0 
    where
        ra1_0.asset_id=?
Hibernate: 
    select
        ra1_0.asset_id,
        ra1_0.id,
        ra1_0.assessment_date,
        ra1_0.assessor_name,
        ra1_0.description,
        ra1_0.impact,
        ra1_0.mitigation_strategy,
        ra1_0.next_review_date,
        ra1_0.probability,
        ra1_0.risk_level,
        ra1_0.risk_score,
        ra1_0.risk_type,
        ra1_0.status 
    from
        risk_assessments ra1_0 
    where
        ra1_0.asset_id=?
Hibernate: 
    select
        ra1_0.asset_id,
        ra1_0.id,
        ra1_0.assessment_date,
        ra1_0.assessor_name,
        ra1_0.description,
        ra1_0.impact,
        ra1_0.mitigation_strategy,
        ra1_0.next_review_date,
        ra1_0.probability,
        ra1_0.risk_level,
        ra1_0.risk_score,
        ra1_0.risk_type,
        ra1_0.status 
    from
        risk_assessments ra1_0 
    where
        ra1_0.asset_id=?
Hibernate: 
    select
        ra1_0.asset_id,
        ra1_0.id,
        ra1_0.assessment_date,
        ra1_0.assessor_name,
        ra1_0.description,
        ra1_0.impact,
        ra1_0.mitigation_strategy,
        ra1_0.next_review_date,
        ra1_0.probability,
        ra1_0.risk_level,
        ra1_0.risk_score,
        ra1_0.risk_type,
        ra1_0.status 
    from
        risk_assessments ra1_0 
    where
        ra1_0.asset_id=?
2025-06-12T11:45:23.163Z DEBUG 18295 --- [risk-asset-management] [io-12001-exec-5] o.s.web.servlet.DispatcherServlet        : Completed 200 OK
2025-06-12T11:45:23.165Z DEBUG 18295 --- [risk-asset-management] [io-12001-exec-8] o.s.web.servlet.DispatcherServlet        : GET "/api/assets", parameters={}
2025-06-12T11:45:23.165Z DEBUG 18295 --- [risk-asset-management] [io-12001-exec-8] s.w.s.m.m.a.RequestMappingHandlerMapping : Mapped to com.jpmc.riskasset.controller.AssetController#getAllAssets()
2025-06-12T11:45:23.166Z DEBUG 18295 --- [risk-asset-management] [io-12001-exec-8] c.jpmc.riskasset.service.AssetService    : Fetching all assets
Hibernate: 
    select
        a1_0.id,
        a1_0.asset_value,
        a1_0.business_unit,
        a1_0.category,
        a1_0.created_date,
        a1_0.criticality_level,
        a1_0.description,
        a1_0.last_updated,
        a1_0.name,
        a1_0.owner_email,
        a1_0.owner_name,
        a1_0.type 
    from
        assets a1_0
2025-06-12T11:45:23.169Z DEBUG 18295 --- [risk-asset-management] [io-12001-exec-8] o.s.w.s.m.m.a.HttpEntityMethodProcessor  : Using 'application/json', given [application/json, text/plain, */*] and supported [application/json, application/*+json]
Hibernate: 
    select
        ra1_0.asset_id,
        ra1_0.id,
        ra1_0.assessment_date,
        ra1_0.assessor_name,
        ra1_0.description,
        ra1_0.impact,
        ra1_0.mitigation_strategy,
        ra1_0.next_review_date,
        ra1_0.probability,
        ra1_0.risk_level,
        ra1_0.risk_score,
        ra1_0.risk_type,
        ra1_0.status 
    from
        risk_assessments ra1_0 
    where
        ra1_0.asset_id=?
2025-06-12T11:45:23.173Z DEBUG 18295 --- [risk-asset-management] [io-12001-exec-8] o.s.w.s.m.m.a.HttpEntityMethodProcessor  : Writing [java.lang.StackOverflowError]
Hibernate: 
    select
        ra1_0.asset_id,
        ra1_0.id,
        ra1_0.assessment_date,
        ra1_0.assessor_name,
        ra1_0.description,
        ra1_0.impact,
        ra1_0.mitigation_strategy,
        ra1_0.next_review_date,
        ra1_0.probability,
        ra1_0.risk_level,
        ra1_0.risk_score,
        ra1_0.risk_type,
        ra1_0.status 
    from
        risk_assessments ra1_0 
    where
        ra1_0.asset_id=?
Hibernate: 
    select
        ra1_0.asset_id,
        ra1_0.id,
        ra1_0.assessment_date,
        ra1_0.assessor_name,
        ra1_0.description,
        ra1_0.impact,
        ra1_0.mitigation_strategy,
        ra1_0.next_review_date,
        ra1_0.probability,
        ra1_0.risk_level,
        ra1_0.risk_score,
        ra1_0.risk_type,
        ra1_0.status 
    from
        risk_assessments ra1_0 
    where
        ra1_0.asset_id=?
2025-06-12T11:45:23.175Z DEBUG 18295 --- [risk-asset-management] [io-12001-exec-2] o.s.w.s.m.m.a.HttpEntityMethodProcessor  : Writing [java.lang.StackOverflowError]
2025-06-12T11:45:23.177Z DEBUG 18295 --- [risk-asset-management] [io-12001-exec-2] o.s.web.servlet.DispatcherServlet        : Completed 200 OK
2025-06-12T11:45:23.178Z DEBUG 18295 --- [risk-asset-management] [o-12001-exec-10] o.s.web.servlet.DispatcherServlet        : GET "/api/risk-assessments", parameters={}
2025-06-12T11:45:23.178Z DEBUG 18295 --- [risk-asset-management] [o-12001-exec-10] s.w.s.m.m.a.RequestMappingHandlerMapping : Mapped to com.jpmc.riskasset.controller.RiskAssessmentController#getAllRiskAssessments()
2025-06-12T11:45:23.179Z DEBUG 18295 --- [risk-asset-management] [o-12001-exec-10] c.j.r.service.RiskAssessmentService      : Fetching all risk assessments
Hibernate: 
    select
        ra1_0.asset_id,
        ra1_0.id,
        ra1_0.assessment_date,
        ra1_0.assessor_name,
        ra1_0.description,
        ra1_0.impact,
        ra1_0.mitigation_strategy,
        ra1_0.next_review_date,
        ra1_0.probability,
        ra1_0.risk_level,
        ra1_0.risk_score,
        ra1_0.risk_type,
        ra1_0.status 
    from
        risk_assessments ra1_0 
    where
        ra1_0.asset_id=?
Hibernate: 
    select
        ra1_0.id,
        ra1_0.assessment_date,
        ra1_0.assessor_name,
        ra1_0.asset_id,
        ra1_0.description,
        ra1_0.impact,
        ra1_0.mitigation_strategy,
        ra1_0.next_review_date,
        ra1_0.probability,
        ra1_0.risk_level,
        ra1_0.risk_score,
        ra1_0.risk_type,
        ra1_0.status 
    from
        risk_assessments ra1_0
Hibernate: 
    select
        ra1_0.asset_id,
        ra1_0.id,
        ra1_0.assessment_date,
        ra1_0.assessor_name,
        ra1_0.description,
        ra1_0.impact,
        ra1_0.mitigation_strategy,
        ra1_0.next_review_date,
        ra1_0.probability,
        ra1_0.risk_level,
        ra1_0.risk_score,
        ra1_0.risk_type,
        ra1_0.status 
    from
        risk_assessments ra1_0 
    where
        ra1_0.asset_id=?
Hibernate: 
    select
        ra1_0.asset_id,
        ra1_0.id,
        ra1_0.assessment_date,
        ra1_0.assessor_name,
        ra1_0.description,
        ra1_0.impact,
        ra1_0.mitigation_strategy,
        ra1_0.next_review_date,
        ra1_0.probability,
        ra1_0.risk_level,
        ra1_0.risk_score,
        ra1_0.risk_type,
        ra1_0.status 
    from
        risk_assessments ra1_0 
    where
        ra1_0.asset_id=?
Hibernate: 
    select
        ra1_0.asset_id,
        ra1_0.id,
        ra1_0.assessment_date,
        ra1_0.assessor_name,
        ra1_0.description,
        ra1_0.impact,
        ra1_0.mitigation_strategy,
        ra1_0.next_review_date,
        ra1_0.probability,
        ra1_0.risk_level,
        ra1_0.risk_score,
        ra1_0.risk_type,
        ra1_0.status 
    from
        risk_assessments ra1_0 
    where
        ra1_0.asset_id=?
Hibernate: 
    select
        ra1_0.asset_id,
        ra1_0.id,
        ra1_0.assessment_date,
        ra1_0.assessor_name,
        ra1_0.description,
        ra1_0.impact,
        ra1_0.mitigation_strategy,
        ra1_0.next_review_date,
        ra1_0.probability,
        ra1_0.risk_level,
        ra1_0.risk_score,
        ra1_0.risk_type,
        ra1_0.status 
    from
        risk_assessments ra1_0 
    where
        ra1_0.asset_id=?
2025-06-12T11:45:23.182Z DEBUG 18295 --- [risk-asset-management] [o-12001-exec-10] o.s.w.s.m.m.a.HttpEntityMethodProcessor  : Using 'application/json', given [application/json, text/plain, */*] and supported [application/json, application/*+json]
Hibernate: 
    select
        a1_0.id,
        a1_0.asset_value,
        a1_0.business_unit,
        a1_0.category,
        a1_0.created_date,
        a1_0.criticality_level,
        a1_0.description,
        a1_0.last_updated,
        a1_0.name,
        a1_0.owner_email,
        a1_0.owner_name,
        a1_0.type 
    from
        assets a1_0 
    where
        a1_0.id=?
Hibernate: 
    select
        ra1_0.asset_id,
        ra1_0.id,
        ra1_0.assessment_date,
        ra1_0.assessor_name,
        ra1_0.description,
        ra1_0.impact,
        ra1_0.mitigation_strategy,
        ra1_0.next_review_date,
        ra1_0.probability,
        ra1_0.risk_level,
        ra1_0.risk_score,
        ra1_0.risk_type,
        ra1_0.status 
    from
        risk_assessments ra1_0 
    where
        ra1_0.asset_id=?
2025-06-12T11:45:23.184Z DEBUG 18295 --- [risk-asset-management] [io-12001-exec-3] o.s.web.servlet.DispatcherServlet        : GET "/api/assets", parameters={}
2025-06-12T11:45:23.184Z DEBUG 18295 --- [risk-asset-management] [io-12001-exec-3] s.w.s.m.m.a.RequestMappingHandlerMapping : Mapped to com.jpmc.riskasset.controller.AssetController#getAllAssets()
2025-06-12T11:45:23.185Z DEBUG 18295 --- [risk-asset-management] [io-12001-exec-3] c.jpmc.riskasset.service.AssetService    : Fetching all assets
2025-06-12T11:45:23.185Z DEBUG 18295 --- [risk-asset-management] [io-12001-exec-8] o.s.web.servlet.DispatcherServlet        : Completed 200 OK
Hibernate: 
    select
        a1_0.id,
        a1_0.asset_value,
        a1_0.business_unit,
        a1_0.category,
        a1_0.created_date,
        a1_0.criticality_level,
        a1_0.description,
        a1_0.last_updated,
        a1_0.name,
        a1_0.owner_email,
        a1_0.owner_name,
        a1_0.type 
    from
        assets a1_0
2025-06-12T11:45:23.188Z DEBUG 18295 --- [risk-asset-management] [io-12001-exec-3] o.s.w.s.m.m.a.HttpEntityMethodProcessor  : Using 'application/json', given [application/json, text/plain, */*] and supported [application/json, application/*+json]
Hibernate: 
    select
        ra1_0.asset_id,
        ra1_0.id,
        ra1_0.assessment_date,
        ra1_0.assessor_name,
        ra1_0.description,
        ra1_0.impact,
        ra1_0.mitigation_strategy,
        ra1_0.next_review_date,
        ra1_0.probability,
        ra1_0.risk_level,
        ra1_0.risk_score,
        ra1_0.risk_type,
        ra1_0.status 
    from
        risk_assessments ra1_0 
    where
        ra1_0.asset_id=?
2025-06-12T11:45:23.192Z DEBUG 18295 --- [risk-asset-management] [io-12001-exec-3] o.s.w.s.m.m.a.HttpEntityMethodProcessor  : Writing [java.lang.StackOverflowError]
Hibernate: 
    select
        ra1_0.asset_id,
        ra1_0.id,
        ra1_0.assessment_date,
        ra1_0.assessor_name,
        ra1_0.description,
        ra1_0.impact,
        ra1_0.mitigation_strategy,
        ra1_0.next_review_date,
        ra1_0.probability,
        ra1_0.risk_level,
        ra1_0.risk_score,
        ra1_0.risk_type,
        ra1_0.status 
    from
        risk_assessments ra1_0 
    where
        ra1_0.asset_id=?
Hibernate: 
    select
        ra1_0.asset_id,
        ra1_0.id,
        ra1_0.assessment_date,
        ra1_0.assessor_name,
        ra1_0.description,
        ra1_0.impact,
        ra1_0.mitigation_strategy,
        ra1_0.next_review_date,
        ra1_0.probability,
        ra1_0.risk_level,
        ra1_0.risk_score,
        ra1_0.risk_type,
        ra1_0.status 
    from
        risk_assessments ra1_0 
    where
        ra1_0.asset_id=?
Hibernate: 
    select
        ra1_0.asset_id,
        ra1_0.id,
        ra1_0.assessment_date,
        ra1_0.assessor_name,
        ra1_0.description,
        ra1_0.impact,
        ra1_0.mitigation_strategy,
        ra1_0.next_review_date,
        ra1_0.probability,
        ra1_0.risk_level,
        ra1_0.risk_score,
        ra1_0.risk_type,
        ra1_0.status 
    from
        risk_assessments ra1_0 
    where
        ra1_0.asset_id=?
Hibernate: 
    select
        ra1_0.asset_id,
        ra1_0.id,
        ra1_0.assessment_date,
        ra1_0.assessor_name,
        ra1_0.description,
        ra1_0.impact,
        ra1_0.mitigation_strategy,
        ra1_0.next_review_date,
        ra1_0.probability,
        ra1_0.risk_level,
        ra1_0.risk_score,
        ra1_0.risk_type,
        ra1_0.status 
    from
        risk_assessments ra1_0 
    where
        ra1_0.asset_id=?
Hibernate: 
    select
        ra1_0.asset_id,
        ra1_0.id,
        ra1_0.assessment_date,
        ra1_0.assessor_name,
        ra1_0.description,
        ra1_0.impact,
        ra1_0.mitigation_strategy,
        ra1_0.next_review_date,
        ra1_0.probability,
        ra1_0.risk_level,
        ra1_0.risk_score,
        ra1_0.risk_type,
        ra1_0.status 
    from
        risk_assessments ra1_0 
    where
        ra1_0.asset_id=?
Hibernate: 
    select
        ra1_0.asset_id,
        ra1_0.id,
        ra1_0.assessment_date,
        ra1_0.assessor_name,
        ra1_0.description,
        ra1_0.impact,
        ra1_0.mitigation_strategy,
        ra1_0.next_review_date,
        ra1_0.probability,
        ra1_0.risk_level,
        ra1_0.risk_score,
        ra1_0.risk_type,
        ra1_0.status 
    from
        risk_assessments ra1_0 
    where
        ra1_0.asset_id=?
Hibernate: 
    select
        ra1_0.asset_id,
        ra1_0.id,
        ra1_0.assessment_date,
        ra1_0.assessor_name,
        ra1_0.description,
        ra1_0.impact,
        ra1_0.mitigation_strategy,
        ra1_0.next_review_date,
        ra1_0.probability,
        ra1_0.risk_level,
        ra1_0.risk_score,
        ra1_0.risk_type,
        ra1_0.status 
    from
        risk_assessments ra1_0 
    where
        ra1_0.asset_id=?
2025-06-12T11:45:23.198Z DEBUG 18295 --- [risk-asset-management] [io-12001-exec-3] o.s.web.servlet.DispatcherServlet        : Completed 200 OK
2025-06-12T11:45:23.250Z DEBUG 18295 --- [risk-asset-management] [o-12001-exec-10] o.s.w.s.m.m.a.HttpEntityMethodProcessor  : Writing [java.lang.StackOverflowError]
2025-06-12T11:45:23.253Z DEBUG 18295 --- [risk-asset-management] [o-12001-exec-10] o.s.web.servlet.DispatcherServlet        : Completed 200 OK
2025-06-12T11:45:23.254Z DEBUG 18295 --- [risk-asset-management] [io-12001-exec-4] o.s.web.servlet.DispatcherServlet        : GET "/api/risk-assessments", parameters={}
2025-06-12T11:45:23.255Z DEBUG 18295 --- [risk-asset-management] [io-12001-exec-4] s.w.s.m.m.a.RequestMappingHandlerMapping : Mapped to com.jpmc.riskasset.controller.RiskAssessmentController#getAllRiskAssessments()
2025-06-12T11:45:23.255Z DEBUG 18295 --- [risk-asset-management] [io-12001-exec-4] c.j.r.service.RiskAssessmentService      : Fetching all risk assessments
Hibernate: 
    select
        ra1_0.id,
        ra1_0.assessment_date,
        ra1_0.assessor_name,
        ra1_0.asset_id,
        ra1_0.description,
        ra1_0.impact,
        ra1_0.mitigation_strategy,
        ra1_0.next_review_date,
        ra1_0.probability,
        ra1_0.risk_level,
        ra1_0.risk_score,
        ra1_0.risk_type,
        ra1_0.status 
    from
        risk_assessments ra1_0
2025-06-12T11:45:23.259Z DEBUG 18295 --- [risk-asset-management] [io-12001-exec-4] o.s.w.s.m.m.a.HttpEntityMethodProcessor  : Using 'application/json', given [application/json, text/plain, */*] and supported [application/json, application/*+json]
Hibernate: 
    select
        a1_0.id,
        a1_0.asset_value,
        a1_0.business_unit,
        a1_0.category,
        a1_0.created_date,
        a1_0.criticality_level,
        a1_0.description,
        a1_0.last_updated,
        a1_0.name,
        a1_0.owner_email,
        a1_0.owner_name,
        a1_0.type 
    from
        assets a1_0 
    where
        a1_0.id=?
Hibernate: 
    select
        ra1_0.asset_id,
        ra1_0.id,
        ra1_0.assessment_date,
        ra1_0.assessor_name,
        ra1_0.description,
        ra1_0.impact,
        ra1_0.mitigation_strategy,
        ra1_0.next_review_date,
        ra1_0.probability,
        ra1_0.risk_level,
        ra1_0.risk_score,
        ra1_0.risk_type,
        ra1_0.status 
    from
        risk_assessments ra1_0 
    where
        ra1_0.asset_id=?
2025-06-12T11:45:23.317Z DEBUG 18295 --- [risk-asset-management] [io-12001-exec-4] o.s.w.s.m.m.a.HttpEntityMethodProcessor  : Writing [java.lang.StackOverflowError]
2025-06-12T11:45:23.318Z DEBUG 18295 --- [risk-asset-management] [io-12001-exec-4] o.s.web.servlet.DispatcherServlet        : Completed 200 OK
2025-06-12T11:45:23.320Z DEBUG 18295 --- [risk-asset-management] [io-12001-exec-7] o.s.web.servlet.DispatcherServlet        : GET "/api/risk-assessments", parameters={}
2025-06-12T11:45:23.320Z DEBUG 18295 --- [risk-asset-management] [io-12001-exec-7] s.w.s.m.m.a.RequestMappingHandlerMapping : Mapped to com.jpmc.riskasset.controller.RiskAssessmentController#getAllRiskAssessments()
2025-06-12T11:45:23.321Z DEBUG 18295 --- [risk-asset-management] [io-12001-exec-7] c.j.r.service.RiskAssessmentService      : Fetching all risk assessments
Hibernate: 
    select
        ra1_0.id,
        ra1_0.assessment_date,
        ra1_0.assessor_name,
        ra1_0.asset_id,
        ra1_0.description,
        ra1_0.impact,
        ra1_0.mitigation_strategy,
        ra1_0.next_review_date,
        ra1_0.probability,
        ra1_0.risk_level,
        ra1_0.risk_score,
        ra1_0.risk_type,
        ra1_0.status 
    from
        risk_assessments ra1_0
2025-06-12T11:45:23.324Z DEBUG 18295 --- [risk-asset-management] [io-12001-exec-7] o.s.w.s.m.m.a.HttpEntityMethodProcessor  : Using 'application/json', given [application/json, text/plain, */*] and supported [application/json, application/*+json]
Hibernate: 
    select
        a1_0.id,
        a1_0.asset_value,
        a1_0.business_unit,
        a1_0.category,
        a1_0.created_date,
        a1_0.criticality_level,
        a1_0.description,
        a1_0.last_updated,
        a1_0.name,
        a1_0.owner_email,
        a1_0.owner_name,
        a1_0.type 
    from
        assets a1_0 
    where
        a1_0.id=?
Hibernate: 
    select
        ra1_0.asset_id,
        ra1_0.id,
        ra1_0.assessment_date,
        ra1_0.assessor_name,
        ra1_0.description,
        ra1_0.impact,
        ra1_0.mitigation_strategy,
        ra1_0.next_review_date,
        ra1_0.probability,
        ra1_0.risk_level,
        ra1_0.risk_score,
        ra1_0.risk_type,
        ra1_0.status 
    from
        risk_assessments ra1_0 
    where
        ra1_0.asset_id=?
2025-06-12T11:45:23.388Z DEBUG 18295 --- [risk-asset-management] [io-12001-exec-7] o.s.w.s.m.m.a.HttpEntityMethodProcessor  : Writing [java.lang.StackOverflowError]
2025-06-12T11:45:23.390Z DEBUG 18295 --- [risk-asset-management] [io-12001-exec-7] o.s.web.servlet.DispatcherServlet        : Completed 200 OK
2025-06-12T11:45:32.003Z DEBUG 18295 --- [risk-asset-management] [io-12001-exec-6] o.s.web.servlet.DispatcherServlet        : GET "/api/dashboard/risk-distribution", parameters={}
2025-06-12T11:45:32.003Z DEBUG 18295 --- [risk-asset-management] [io-12001-exec-9] o.s.web.servlet.DispatcherServlet        : GET "/api/dashboard/asset-distribution", parameters={}
2025-06-12T11:45:32.003Z DEBUG 18295 --- [risk-asset-management] [io-12001-exec-1] o.s.web.servlet.DispatcherServlet        : GET "/api/dashboard/stats", parameters={}
2025-06-12T11:45:32.003Z DEBUG 18295 --- [risk-asset-management] [io-12001-exec-6] s.w.s.m.m.a.RequestMappingHandlerMapping : Mapped to com.jpmc.riskasset.controller.DashboardController#getRiskDistribution()
2025-06-12T11:45:32.003Z DEBUG 18295 --- [risk-asset-management] [io-12001-exec-9] s.w.s.m.m.a.RequestMappingHandlerMapping : Mapped to com.jpmc.riskasset.controller.DashboardController#getAssetDistribution()
2025-06-12T11:45:32.003Z DEBUG 18295 --- [risk-asset-management] [io-12001-exec-1] s.w.s.m.m.a.RequestMappingHandlerMapping : Mapped to com.jpmc.riskasset.controller.DashboardController#getDashboardStats()
2025-06-12T11:45:32.004Z DEBUG 18295 --- [risk-asset-management] [io-12001-exec-6] c.j.r.service.RiskAssessmentService      : Fetching risk assessments by type: OPERATIONAL
2025-06-12T11:45:32.004Z DEBUG 18295 --- [risk-asset-management] [io-12001-exec-1] c.jpmc.riskasset.service.AssetService    : Fetching all assets
Hibernate: 
    select
        ra1_0.id,
        ra1_0.assessment_date,
        ra1_0.assessor_name,
        ra1_0.asset_id,
        ra1_0.description,
        ra1_0.impact,
        ra1_0.mitigation_strategy,
        ra1_0.next_review_date,
        ra1_0.probability,
        ra1_0.risk_level,
        ra1_0.risk_score,
        ra1_0.risk_type,
        ra1_0.status 
    from
        risk_assessments ra1_0 
    where
        ra1_0.risk_type=?
Hibernate: 
    select
        count(a1_0.id) 
    from
        assets a1_0 
    where
        a1_0.type=?
Hibernate: 
    select
        a1_0.id,
        a1_0.asset_value,
        a1_0.business_unit,
        a1_0.category,
        a1_0.created_date,
        a1_0.criticality_level,
        a1_0.description,
        a1_0.last_updated,
        a1_0.name,
        a1_0.owner_email,
        a1_0.owner_name,
        a1_0.type 
    from
        assets a1_0
Hibernate: 
    select
        count(a1_0.id) 
    from
        assets a1_0 
    where
        a1_0.type=?
Hibernate: 
    select
        count(a1_0.id) 
    from
        assets a1_0 
    where
        a1_0.criticality_level=?
Hibernate: 
    select
        count(a1_0.id) 
    from
        assets a1_0 
    where
        a1_0.type=?
2025-06-12T11:45:32.013Z DEBUG 18295 --- [risk-asset-management] [io-12001-exec-6] c.j.r.service.RiskAssessmentService      : Fetching risk assessments by type: FINANCIAL
Hibernate: 
    select
        ra1_0.id,
        ra1_0.assessment_date,
        ra1_0.assessor_name,
        ra1_0.asset_id,
        ra1_0.description,
        ra1_0.impact,
        ra1_0.mitigation_strategy,
        ra1_0.next_review_date,
        ra1_0.probability,
        ra1_0.risk_level,
        ra1_0.risk_score,
        ra1_0.risk_type,
        ra1_0.status 
    from
        risk_assessments ra1_0 
    where
        ra1_0.risk_type=?
Hibernate: 
    select
        count(a1_0.id) 
    from
        assets a1_0 
    where
        a1_0.criticality_level=?
Hibernate: 
    select
        count(a1_0.id) 
    from
        assets a1_0 
    where
        a1_0.criticality_level=?
Hibernate: 
    select
        count(a1_0.id) 
    from
        assets a1_0 
    where
        a1_0.type=?
2025-06-12T11:45:32.017Z DEBUG 18295 --- [risk-asset-management] [io-12001-exec-6] c.j.r.service.RiskAssessmentService      : Fetching risk assessments by type: COMPLIANCE
Hibernate: 
    select
        ra1_0.id,
        ra1_0.assessment_date,
        ra1_0.assessor_name,
        ra1_0.asset_id,
        ra1_0.description,
        ra1_0.impact,
        ra1_0.mitigation_strategy,
        ra1_0.next_review_date,
        ra1_0.probability,
        ra1_0.risk_level,
        ra1_0.risk_score,
        ra1_0.risk_type,
        ra1_0.status 
    from
        risk_assessments ra1_0 
    where
        ra1_0.risk_type=?
2025-06-12T11:45:32.020Z DEBUG 18295 --- [risk-asset-management] [io-12001-exec-6] c.j.r.service.RiskAssessmentService      : Fetching risk assessments by type: STRATEGIC
Hibernate: 
    select
        count(a1_0.id) 
    from
        assets a1_0 
    where
        a1_0.type=?
Hibernate: 
    select
        count(a1_0.id) 
    from
        assets a1_0 
    where
        a1_0.criticality_level=?
Hibernate: 
    select
        count(a1_0.id) 
    from
        assets a1_0 
    where
        a1_0.type=?
Hibernate: 
    select
        count(a1_0.id) 
    from
        assets a1_0 
    where
        a1_0.type=?
Hibernate: 
    select
        count(a1_0.id) 
    from
        assets a1_0 
    where
        a1_0.type=?
Hibernate: 
    select
        count(a1_0.id) 
    from
        assets a1_0 
    where
        a1_0.type=?
Hibernate: 
    select
        count(a1_0.id) 
    from
        assets a1_0 
    where
        a1_0.criticality_level=?
Hibernate: 
    select
        ra1_0.id,
        ra1_0.assessment_date,
        ra1_0.assessor_name,
        ra1_0.asset_id,
        ra1_0.description,
        ra1_0.impact,
        ra1_0.mitigation_strategy,
        ra1_0.next_review_date,
        ra1_0.probability,
        ra1_0.risk_level,
        ra1_0.risk_score,
        ra1_0.risk_type,
        ra1_0.status 
    from
        risk_assessments ra1_0 
    where
        ra1_0.risk_type=?
Hibernate: 
    select
        count(a1_0.id) 
    from
        assets a1_0 
    where
        a1_0.criticality_level=?
Hibernate: 
    select
        count(a1_0.id) 
    from
        assets a1_0 
    where
        a1_0.criticality_level=?
Hibernate: 
    select
        count(a1_0.id) 
    from
        assets a1_0 
    where
        a1_0.type=?
Hibernate: 
    select
        count(a1_0.id) 
    from
        assets a1_0 
    where
        a1_0.criticality_level=?
2025-06-12T11:45:32.031Z DEBUG 18295 --- [risk-asset-management] [io-12001-exec-6] c.j.r.service.RiskAssessmentService      : Fetching risk assessments by type: REPUTATIONAL
2025-06-12T11:45:32.032Z DEBUG 18295 --- [risk-asset-management] [io-12001-exec-9] o.s.w.s.m.m.a.HttpEntityMethodProcessor  : Using 'application/json', given [application/json, text/plain, */*] and supported [application/json, application/*+json]
2025-06-12T11:45:32.032Z DEBUG 18295 --- [risk-asset-management] [io-12001-exec-9] o.s.w.s.m.m.a.HttpEntityMethodProcessor  : Writing [{byCriticality={HIGH=3, MEDIUM=3, LOW=0, CRITICAL=2}, byType={PHYSICAL_ASSET=1, INTELLECTUAL_PROPERT (truncated)...]
2025-06-12T11:45:32.033Z DEBUG 18295 --- [risk-asset-management] [io-12001-exec-9] o.s.web.servlet.DispatcherServlet        : Completed 200 OK
Hibernate: 
    select
        count(a1_0.id) 
    from
        assets a1_0 
    where
        a1_0.type=?
Hibernate: 
    select
        ra1_0.id,
        ra1_0.assessment_date,
        ra1_0.assessor_name,
        ra1_0.asset_id,
        ra1_0.description,
        ra1_0.impact,
        ra1_0.mitigation_strategy,
        ra1_0.next_review_date,
        ra1_0.probability,
        ra1_0.risk_level,
        ra1_0.risk_score,
        ra1_0.risk_type,
        ra1_0.status 
    from
        risk_assessments ra1_0 
    where
        ra1_0.risk_type=?
Hibernate: 
    select
        count(a1_0.id) 
    from
        assets a1_0 
    where
        a1_0.type=?
2025-06-12T11:45:32.035Z DEBUG 18295 --- [risk-asset-management] [io-12001-exec-5] o.s.web.servlet.DispatcherServlet        : GET "/api/dashboard/asset-distribution", parameters={}
2025-06-12T11:45:32.036Z DEBUG 18295 --- [risk-asset-management] [io-12001-exec-5] s.w.s.m.m.a.RequestMappingHandlerMapping : Mapped to com.jpmc.riskasset.controller.DashboardController#getAssetDistribution()
Hibernate: 
    select
        count(a1_0.id) 
    from
        assets a1_0 
    where
        a1_0.type=?
2025-06-12T11:45:32.036Z DEBUG 18295 --- [risk-asset-management] [io-12001-exec-6] c.j.r.service.RiskAssessmentService      : Fetching risk assessments by type: TECHNOLOGY
Hibernate: 
    select
        count(a1_0.id) 
    from
        assets a1_0 
    where
        a1_0.type=?
Hibernate: 
    select
        count(a1_0.id) 
    from
        assets a1_0 
    where
        a1_0.type=?
Hibernate: 
    select
        count(a1_0.id) 
    from
        assets a1_0 
    where
        a1_0.type=?
Hibernate: 
    select
        count(a1_0.id) 
    from
        assets a1_0 
    where
        a1_0.type=?
Hibernate: 
    select
        count(a1_0.id) 
    from
        assets a1_0 
    where
        a1_0.type=?
Hibernate: 
    select
        ra1_0.id,
        ra1_0.assessment_date,
        ra1_0.assessor_name,
        ra1_0.asset_id,
        ra1_0.description,
        ra1_0.impact,
        ra1_0.mitigation_strategy,
        ra1_0.next_review_date,
        ra1_0.probability,
        ra1_0.risk_level,
        ra1_0.risk_score,
        ra1_0.risk_type,
        ra1_0.status 
    from
        risk_assessments ra1_0 
    where
        ra1_0.risk_type=?
Hibernate: 
    select
        count(a1_0.id) 
    from
        assets a1_0 
    where
        a1_0.type=?
Hibernate: 
    select
        count(a1_0.id) 
    from
        assets a1_0 
    where
        a1_0.type=?
Hibernate: 
    select
        count(a1_0.id) 
    from
        assets a1_0 
    where
        a1_0.type=?
2025-06-12T11:45:32.041Z DEBUG 18295 --- [risk-asset-management] [io-12001-exec-1] c.j.r.service.RiskAssessmentService      : Fetching all risk assessments
Hibernate: 
    select
        count(a1_0.id) 
    from
        assets a1_0 
    where
        a1_0.type=?
2025-06-12T11:45:32.041Z DEBUG 18295 --- [risk-asset-management] [io-12001-exec-6] c.j.r.service.RiskAssessmentService      : Fetching risk assessments by type: MARKET
Hibernate: 
    select
        count(a1_0.id) 
    from
        assets a1_0 
    where
        a1_0.type=?
Hibernate: 
    select
        ra1_0.id,
        ra1_0.assessment_date,
        ra1_0.assessor_name,
        ra1_0.asset_id,
        ra1_0.description,
        ra1_0.impact,
        ra1_0.mitigation_strategy,
        ra1_0.next_review_date,
        ra1_0.probability,
        ra1_0.risk_level,
        ra1_0.risk_score,
        ra1_0.risk_type,
        ra1_0.status 
    from
        risk_assessments ra1_0
Hibernate: 
    select
        count(a1_0.id) 
    from
        assets a1_0 
    where
        a1_0.type=?
Hibernate: 
    select
        count(a1_0.id) 
    from
        assets a1_0 
    where
        a1_0.criticality_level=?
Hibernate: 
    select
        count(a1_0.id) 
    from
        assets a1_0 
    where
        a1_0.criticality_level=?
Hibernate: 
    select
        ra1_0.id,
        ra1_0.assessment_date,
        ra1_0.assessor_name,
        ra1_0.asset_id,
        ra1_0.description,
        ra1_0.impact,
        ra1_0.mitigation_strategy,
        ra1_0.next_review_date,
        ra1_0.probability,
        ra1_0.risk_level,
        ra1_0.risk_score,
        ra1_0.risk_type,
        ra1_0.status 
    from
        risk_assessments ra1_0 
    where
        ra1_0.risk_type=?
2025-06-12T11:45:32.046Z DEBUG 18295 --- [risk-asset-management] [io-12001-exec-6] c.j.r.service.RiskAssessmentService      : Fetching risk assessments by type: CREDIT
Hibernate: 
    select
        count(a1_0.id) 
    from
        assets a1_0 
    where
        a1_0.criticality_level=?
Hibernate: 
    select
        ra1_0.id,
        ra1_0.assessment_date,
        ra1_0.assessor_name,
        ra1_0.asset_id,
        ra1_0.description,
        ra1_0.impact,
        ra1_0.mitigation_strategy,
        ra1_0.next_review_date,
        ra1_0.probability,
        ra1_0.risk_level,
        ra1_0.risk_score,
        ra1_0.risk_type,
        ra1_0.status 
    from
        risk_assessments ra1_0 
    where
        ra1_0.risk_type=?
Hibernate: 
    select
        count(a1_0.id) 
    from
        assets a1_0 
    where
        a1_0.criticality_level=?
Hibernate: 
    select
        count(ra1_0.id) 
    from
        risk_assessments ra1_0 
    where
        ra1_0.risk_level=?
Hibernate: 
    select
        count(ra1_0.id) 
    from
        risk_assessments ra1_0 
    where
        ra1_0.risk_level=?
Hibernate: 
    select
        count(ra1_0.id) 
    from
        risk_assessments ra1_0 
    where
        ra1_0.risk_level=?
2025-06-12T11:45:32.047Z DEBUG 18295 --- [risk-asset-management] [io-12001-exec-6] c.j.r.service.RiskAssessmentService      : Fetching risk assessments by type: LIQUIDITY
2025-06-12T11:45:32.048Z DEBUG 18295 --- [risk-asset-management] [io-12001-exec-5] o.s.w.s.m.m.a.HttpEntityMethodProcessor  : Using 'application/json', given [application/json, text/plain, */*] and supported [application/json, application/*+json]
2025-06-12T11:45:32.051Z DEBUG 18295 --- [risk-asset-management] [io-12001-exec-5] o.s.w.s.m.m.a.HttpEntityMethodProcessor  : Writing [{byCriticality={HIGH=3, MEDIUM=3, LOW=0, CRITICAL=2}, byType={PHYSICAL_ASSET=1, INTELLECTUAL_PROPERT (truncated)...]
Hibernate: 
    select
        ra1_0.id,
        ra1_0.assessment_date,
        ra1_0.assessor_name,
        ra1_0.asset_id,
        ra1_0.description,
        ra1_0.impact,
        ra1_0.mitigation_strategy,
        ra1_0.next_review_date,
        ra1_0.probability,
        ra1_0.risk_level,
        ra1_0.risk_score,
        ra1_0.risk_type,
        ra1_0.status 
    from
        risk_assessments ra1_0 
    where
        ra1_0.risk_type=?
2025-06-12T11:45:32.052Z DEBUG 18295 --- [risk-asset-management] [io-12001-exec-5] o.s.web.servlet.DispatcherServlet        : Completed 200 OK
2025-06-12T11:45:32.053Z DEBUG 18295 --- [risk-asset-management] [io-12001-exec-6] c.j.r.service.RiskAssessmentService      : Fetching risk assessments by type: CYBERSECURITY
Hibernate: 
    select
        count(ra1_0.id) 
    from
        risk_assessments ra1_0 
    where
        ra1_0.risk_level=?
2025-06-12T11:45:32.054Z DEBUG 18295 --- [risk-asset-management] [io-12001-exec-1] c.j.r.service.RiskAssessmentService      : Fetching assessments due for review
Hibernate: 
    select
        ra1_0.id,
        ra1_0.assessment_date,
        ra1_0.assessor_name,
        ra1_0.asset_id,
        ra1_0.description,
        ra1_0.impact,
        ra1_0.mitigation_strategy,
        ra1_0.next_review_date,
        ra1_0.probability,
        ra1_0.risk_level,
        ra1_0.risk_score,
        ra1_0.risk_type,
        ra1_0.status 
    from
        risk_assessments ra1_0 
    where
        ra1_0.risk_type=?
Hibernate: 
    select
        ra1_0.id,
        ra1_0.assessment_date,
        ra1_0.assessor_name,
        ra1_0.asset_id,
        ra1_0.description,
        ra1_0.impact,
        ra1_0.mitigation_strategy,
        ra1_0.next_review_date,
        ra1_0.probability,
        ra1_0.risk_level,
        ra1_0.risk_score,
        ra1_0.risk_type,
        ra1_0.status 
    from
        risk_assessments ra1_0 
    where
        ra1_0.next_review_date<=?
2025-06-12T11:45:32.056Z DEBUG 18295 --- [risk-asset-management] [io-12001-exec-1] o.s.w.s.m.m.a.HttpEntityMethodProcessor  : Using 'application/json', given [application/json, text/plain, */*] and supported [application/json, application/*+json]
2025-06-12T11:45:32.056Z DEBUG 18295 --- [risk-asset-management] [io-12001-exec-1] o.s.w.s.m.m.a.HttpEntityMethodProcessor  : Writing [{assets={total=8, high=3, critical=2, low=0, typeDistribution={PHYSICAL_ASSET=1, INTELLECTUAL_PROPER (truncated)...]
2025-06-12T11:45:32.058Z DEBUG 18295 --- [risk-asset-management] [io-12001-exec-1] o.s.web.servlet.DispatcherServlet        : Completed 200 OK
2025-06-12T11:45:32.058Z DEBUG 18295 --- [risk-asset-management] [io-12001-exec-2] o.s.web.servlet.DispatcherServlet        : GET "/api/dashboard/stats", parameters={}
2025-06-12T11:45:32.059Z DEBUG 18295 --- [risk-asset-management] [io-12001-exec-2] s.w.s.m.m.a.RequestMappingHandlerMapping : Mapped to com.jpmc.riskasset.controller.DashboardController#getDashboardStats()
Hibernate: 
    select
        count(ra1_0.id) 
    from
        risk_assessments ra1_0 
    where
        ra1_0.risk_level=?
2025-06-12T11:45:32.060Z DEBUG 18295 --- [risk-asset-management] [io-12001-exec-2] c.jpmc.riskasset.service.AssetService    : Fetching all assets
Hibernate: 
    select
        count(ra1_0.id) 
    from
        risk_assessments ra1_0 
    where
        ra1_0.risk_level=?
Hibernate: 
    select
        a1_0.id,
        a1_0.asset_value,
        a1_0.business_unit,
        a1_0.category,
        a1_0.created_date,
        a1_0.criticality_level,
        a1_0.description,
        a1_0.last_updated,
        a1_0.name,
        a1_0.owner_email,
        a1_0.owner_name,
        a1_0.type 
    from
        assets a1_0
Hibernate: 
    select
        count(ra1_0.id) 
    from
        risk_assessments ra1_0 
    where
        ra1_0.risk_level=?
Hibernate: 
    select
        count(a1_0.id) 
    from
        assets a1_0 
    where
        a1_0.criticality_level=?
Hibernate: 
    select
        count(ra1_0.id) 
    from
        risk_assessments ra1_0 
    where
        ra1_0.risk_level=?
2025-06-12T11:45:32.064Z DEBUG 18295 --- [risk-asset-management] [io-12001-exec-6] o.s.w.s.m.m.a.HttpEntityMethodProcessor  : Using 'application/json', given [application/json, text/plain, */*] and supported [application/json, application/*+json]
Hibernate: 
    select
        count(a1_0.id) 
    from
        assets a1_0 
    where
        a1_0.criticality_level=?
2025-06-12T11:45:32.064Z DEBUG 18295 --- [risk-asset-management] [io-12001-exec-6] o.s.w.s.m.m.a.HttpEntityMethodProcessor  : Writing [{byLevel={HIGH=4, MEDIUM=3, LOW=0, CRITICAL=1}, byType={CREDIT=0, LIQUIDITY=0, MARKET=1, REPUTATIONA (truncated)...]
Hibernate: 
    select
        count(a1_0.id) 
    from
        assets a1_0 
    where
        a1_0.criticality_level=?
2025-06-12T11:45:32.066Z DEBUG 18295 --- [risk-asset-management] [io-12001-exec-8] o.s.web.servlet.DispatcherServlet        : GET "/api/dashboard/risk-distribution", parameters={}
2025-06-12T11:45:32.066Z DEBUG 18295 --- [risk-asset-management] [io-12001-exec-6] o.s.web.servlet.DispatcherServlet        : Completed 200 OK
2025-06-12T11:45:32.066Z DEBUG 18295 --- [risk-asset-management] [io-12001-exec-8] s.w.s.m.m.a.RequestMappingHandlerMapping : Mapped to com.jpmc.riskasset.controller.DashboardController#getRiskDistribution()
2025-06-12T11:45:32.066Z DEBUG 18295 --- [risk-asset-management] [io-12001-exec-8] c.j.r.service.RiskAssessmentService      : Fetching risk assessments by type: OPERATIONAL
Hibernate: 
    select
        count(a1_0.id) 
    from
        assets a1_0 
    where
        a1_0.criticality_level=?
Hibernate: 
    select
        ra1_0.id,
        ra1_0.assessment_date,
        ra1_0.assessor_name,
        ra1_0.asset_id,
        ra1_0.description,
        ra1_0.impact,
        ra1_0.mitigation_strategy,
        ra1_0.next_review_date,
        ra1_0.probability,
        ra1_0.risk_level,
        ra1_0.risk_score,
        ra1_0.risk_type,
        ra1_0.status 
    from
        risk_assessments ra1_0 
    where
        ra1_0.risk_type=?
Hibernate: 
    select
        count(a1_0.id) 
    from
        assets a1_0 
    where
        a1_0.type=?
2025-06-12T11:45:32.069Z DEBUG 18295 --- [risk-asset-management] [io-12001-exec-8] c.j.r.service.RiskAssessmentService      : Fetching risk assessments by type: FINANCIAL
Hibernate: 
    select
        count(a1_0.id) 
    from
        assets a1_0 
    where
        a1_0.type=?
Hibernate: 
    select
        ra1_0.id,
        ra1_0.assessment_date,
        ra1_0.assessor_name,
        ra1_0.asset_id,
        ra1_0.description,
        ra1_0.impact,
        ra1_0.mitigation_strategy,
        ra1_0.next_review_date,
        ra1_0.probability,
        ra1_0.risk_level,
        ra1_0.risk_score,
        ra1_0.risk_type,
        ra1_0.status 
    from
        risk_assessments ra1_0 
    where
        ra1_0.risk_type=?
2025-06-12T11:45:32.070Z DEBUG 18295 --- [risk-asset-management] [io-12001-exec-8] c.j.r.service.RiskAssessmentService      : Fetching risk assessments by type: COMPLIANCE
Hibernate: 
    select
        ra1_0.id,
        ra1_0.assessment_date,
        ra1_0.assessor_name,
        ra1_0.asset_id,
        ra1_0.description,
        ra1_0.impact,
        ra1_0.mitigation_strategy,
        ra1_0.next_review_date,
        ra1_0.probability,
        ra1_0.risk_level,
        ra1_0.risk_score,
        ra1_0.risk_type,
        ra1_0.status 
    from
        risk_assessments ra1_0 
    where
        ra1_0.risk_type=?
2025-06-12T11:45:32.071Z DEBUG 18295 --- [risk-asset-management] [io-12001-exec-8] c.j.r.service.RiskAssessmentService      : Fetching risk assessments by type: STRATEGIC
Hibernate: 
    select
        ra1_0.id,
        ra1_0.assessment_date,
        ra1_0.assessor_name,
        ra1_0.asset_id,
        ra1_0.description,
        ra1_0.impact,
        ra1_0.mitigation_strategy,
        ra1_0.next_review_date,
        ra1_0.probability,
        ra1_0.risk_level,
        ra1_0.risk_score,
        ra1_0.risk_type,
        ra1_0.status 
    from
        risk_assessments ra1_0 
    where
        ra1_0.risk_type=?
2025-06-12T11:45:32.073Z DEBUG 18295 --- [risk-asset-management] [io-12001-exec-8] c.j.r.service.RiskAssessmentService      : Fetching risk assessments by type: REPUTATIONAL
Hibernate: 
    select
        ra1_0.id,
        ra1_0.assessment_date,
        ra1_0.assessor_name,
        ra1_0.asset_id,
        ra1_0.description,
        ra1_0.impact,
        ra1_0.mitigation_strategy,
        ra1_0.next_review_date,
        ra1_0.probability,
        ra1_0.risk_level,
        ra1_0.risk_score,
        ra1_0.risk_type,
        ra1_0.status 
    from
        risk_assessments ra1_0 
    where
        ra1_0.risk_type=?
2025-06-12T11:45:32.074Z DEBUG 18295 --- [risk-asset-management] [io-12001-exec-8] c.j.r.service.RiskAssessmentService      : Fetching risk assessments by type: TECHNOLOGY
Hibernate: 
    select
        count(a1_0.id) 
    from
        assets a1_0 
    where
        a1_0.type=?
Hibernate: 
    select
        count(a1_0.id) 
    from
        assets a1_0 
    where
        a1_0.type=?
Hibernate: 
    select
        count(a1_0.id) 
    from
        assets a1_0 
    where
        a1_0.type=?
Hibernate: 
    select
        count(a1_0.id) 
    from
        assets a1_0 
    where
        a1_0.type=?
Hibernate: 
    select
        ra1_0.id,
        ra1_0.assessment_date,
        ra1_0.assessor_name,
        ra1_0.asset_id,
        ra1_0.description,
        ra1_0.impact,
        ra1_0.mitigation_strategy,
        ra1_0.next_review_date,
        ra1_0.probability,
        ra1_0.risk_level,
        ra1_0.risk_score,
        ra1_0.risk_type,
        ra1_0.status 
    from
        risk_assessments ra1_0 
    where
        ra1_0.risk_type=?
2025-06-12T11:45:32.079Z DEBUG 18295 --- [risk-asset-management] [io-12001-exec-8] c.j.r.service.RiskAssessmentService      : Fetching risk assessments by type: MARKET
Hibernate: 
    select
        count(a1_0.id) 
    from
        assets a1_0 
    where
        a1_0.type=?
Hibernate: 
    select
        ra1_0.id,
        ra1_0.assessment_date,
        ra1_0.assessor_name,
        ra1_0.asset_id,
        ra1_0.description,
        ra1_0.impact,
        ra1_0.mitigation_strategy,
        ra1_0.next_review_date,
        ra1_0.probability,
        ra1_0.risk_level,
        ra1_0.risk_score,
        ra1_0.risk_type,
        ra1_0.status 
    from
        risk_assessments ra1_0 
    where
        ra1_0.risk_type=?
2025-06-12T11:45:32.080Z DEBUG 18295 --- [risk-asset-management] [io-12001-exec-8] c.j.r.service.RiskAssessmentService      : Fetching risk assessments by type: CREDIT
Hibernate: 
    select
        count(a1_0.id) 
    from
        assets a1_0 
    where
        a1_0.type=?
2025-06-12T11:45:32.081Z DEBUG 18295 --- [risk-asset-management] [io-12001-exec-2] c.j.r.service.RiskAssessmentService      : Fetching all risk assessments
Hibernate: 
    select
        ra1_0.id,
        ra1_0.assessment_date,
        ra1_0.assessor_name,
        ra1_0.asset_id,
        ra1_0.description,
        ra1_0.impact,
        ra1_0.mitigation_strategy,
        ra1_0.next_review_date,
        ra1_0.probability,
        ra1_0.risk_level,
        ra1_0.risk_score,
        ra1_0.risk_type,
        ra1_0.status 
    from
        risk_assessments ra1_0 
    where
        ra1_0.risk_type=?
2025-06-12T11:45:32.081Z DEBUG 18295 --- [risk-asset-management] [io-12001-exec-8] c.j.r.service.RiskAssessmentService      : Fetching risk assessments by type: LIQUIDITY
Hibernate: 
    select
        ra1_0.id,
        ra1_0.assessment_date,
        ra1_0.assessor_name,
        ra1_0.asset_id,
        ra1_0.description,
        ra1_0.impact,
        ra1_0.mitigation_strategy,
        ra1_0.next_review_date,
        ra1_0.probability,
        ra1_0.risk_level,
        ra1_0.risk_score,
        ra1_0.risk_type,
        ra1_0.status 
    from
        risk_assessments ra1_0
Hibernate: 
    select
        ra1_0.id,
        ra1_0.assessment_date,
        ra1_0.assessor_name,
        ra1_0.asset_id,
        ra1_0.description,
        ra1_0.impact,
        ra1_0.mitigation_strategy,
        ra1_0.next_review_date,
        ra1_0.probability,
        ra1_0.risk_level,
        ra1_0.risk_score,
        ra1_0.risk_type,
        ra1_0.status 
    from
        risk_assessments ra1_0 
    where
        ra1_0.risk_type=?
2025-06-12T11:45:32.083Z DEBUG 18295 --- [risk-asset-management] [io-12001-exec-8] c.j.r.service.RiskAssessmentService      : Fetching risk assessments by type: CYBERSECURITY
Hibernate: 
    select
        ra1_0.id,
        ra1_0.assessment_date,
        ra1_0.assessor_name,
        ra1_0.asset_id,
        ra1_0.description,
        ra1_0.impact,
        ra1_0.mitigation_strategy,
        ra1_0.next_review_date,
        ra1_0.probability,
        ra1_0.risk_level,
        ra1_0.risk_score,
        ra1_0.risk_type,
        ra1_0.status 
    from
        risk_assessments ra1_0 
    where
        ra1_0.risk_type=?
Hibernate: 
    select
        count(ra1_0.id) 
    from
        risk_assessments ra1_0 
    where
        ra1_0.risk_level=?
Hibernate: 
    select
        count(ra1_0.id) 
    from
        risk_assessments ra1_0 
    where
        ra1_0.risk_level=?
Hibernate: 
    select
        count(ra1_0.id) 
    from
        risk_assessments ra1_0 
    where
        ra1_0.risk_level=?
Hibernate: 
    select
        count(ra1_0.id) 
    from
        risk_assessments ra1_0 
    where
        ra1_0.risk_level=?
Hibernate: 
    select
        count(ra1_0.id) 
    from
        risk_assessments ra1_0 
    where
        ra1_0.risk_level=?
Hibernate: 
    select
        count(ra1_0.id) 
    from
        risk_assessments ra1_0 
    where
        ra1_0.risk_level=?
Hibernate: 
    select
        count(ra1_0.id) 
    from
        risk_assessments ra1_0 
    where
        ra1_0.risk_level=?
2025-06-12T11:45:32.087Z DEBUG 18295 --- [risk-asset-management] [io-12001-exec-2] c.j.r.service.RiskAssessmentService      : Fetching assessments due for review
Hibernate: 
    select
        count(ra1_0.id) 
    from
        risk_assessments ra1_0 
    where
        ra1_0.risk_level=?
Hibernate: 
    select
        ra1_0.id,
        ra1_0.assessment_date,
        ra1_0.assessor_name,
        ra1_0.asset_id,
        ra1_0.description,
        ra1_0.impact,
        ra1_0.mitigation_strategy,
        ra1_0.next_review_date,
        ra1_0.probability,
        ra1_0.risk_level,
        ra1_0.risk_score,
        ra1_0.risk_type,
        ra1_0.status 
    from
        risk_assessments ra1_0 
    where
        ra1_0.next_review_date<=?
2025-06-12T11:45:32.088Z DEBUG 18295 --- [risk-asset-management] [io-12001-exec-2] o.s.w.s.m.m.a.HttpEntityMethodProcessor  : Using 'application/json', given [application/json, text/plain, */*] and supported [application/json, application/*+json]
2025-06-12T11:45:32.089Z DEBUG 18295 --- [risk-asset-management] [io-12001-exec-2] o.s.w.s.m.m.a.HttpEntityMethodProcessor  : Writing [{assets={total=8, high=3, critical=2, low=0, typeDistribution={PHYSICAL_ASSET=1, INTELLECTUAL_PROPER (truncated)...]
2025-06-12T11:45:32.090Z DEBUG 18295 --- [risk-asset-management] [io-12001-exec-2] o.s.web.servlet.DispatcherServlet        : Completed 200 OK
2025-06-12T11:45:32.091Z DEBUG 18295 --- [risk-asset-management] [io-12001-exec-8] o.s.w.s.m.m.a.HttpEntityMethodProcessor  : Using 'application/json', given [application/json, text/plain, */*] and supported [application/json, application/*+json]
2025-06-12T11:45:32.091Z DEBUG 18295 --- [risk-asset-management] [io-12001-exec-8] o.s.w.s.m.m.a.HttpEntityMethodProcessor  : Writing [{byLevel={HIGH=4, MEDIUM=3, LOW=0, CRITICAL=1}, byType={CREDIT=0, LIQUIDITY=0, MARKET=1, REPUTATIONA (truncated)...]
2025-06-12T11:45:32.092Z DEBUG 18295 --- [risk-asset-management] [io-12001-exec-8] o.s.web.servlet.DispatcherServlet        : Completed 200 OK
2025-06-12T11:47:27.410Z DEBUG 18295 --- [risk-asset-management] [io-12001-exec-3] o.s.web.servlet.DispatcherServlet        : GET "/api/dashboard/stats", parameters={}
2025-06-12T11:47:27.411Z DEBUG 18295 --- [risk-asset-management] [io-12001-exec-3] s.w.s.m.m.a.RequestMappingHandlerMapping : Mapped to com.jpmc.riskasset.controller.DashboardController#getDashboardStats()
2025-06-12T11:47:27.411Z DEBUG 18295 --- [risk-asset-management] [io-12001-exec-3] c.jpmc.riskasset.service.AssetService    : Fetching all assets
Hibernate: 
    select
        a1_0.id,
        a1_0.asset_value,
        a1_0.business_unit,
        a1_0.category,
        a1_0.created_date,
        a1_0.criticality_level,
        a1_0.description,
        a1_0.last_updated,
        a1_0.name,
        a1_0.owner_email,
        a1_0.owner_name,
        a1_0.type 
    from
        assets a1_0
Hibernate: 
    select
        count(a1_0.id) 
    from
        assets a1_0 
    where
        a1_0.criticality_level=?
Hibernate: 
    select
        count(a1_0.id) 
    from
        assets a1_0 
    where
        a1_0.criticality_level=?
Hibernate: 
    select
        count(a1_0.id) 
    from
        assets a1_0 
    where
        a1_0.criticality_level=?
Hibernate: 
    select
        count(a1_0.id) 
    from
        assets a1_0 
    where
        a1_0.criticality_level=?
Hibernate: 
    select
        count(a1_0.id) 
    from
        assets a1_0 
    where
        a1_0.type=?
Hibernate: 
    select
        count(a1_0.id) 
    from
        assets a1_0 
    where
        a1_0.type=?
Hibernate: 
    select
        count(a1_0.id) 
    from
        assets a1_0 
    where
        a1_0.type=?
Hibernate: 
    select
        count(a1_0.id) 
    from
        assets a1_0 
    where
        a1_0.type=?
Hibernate: 
    select
        count(a1_0.id) 
    from
        assets a1_0 
    where
        a1_0.type=?
Hibernate: 
    select
        count(a1_0.id) 
    from
        assets a1_0 
    where
        a1_0.type=?
Hibernate: 
    select
        count(a1_0.id) 
    from
        assets a1_0 
    where
        a1_0.type=?
Hibernate: 
    select
        count(a1_0.id) 
    from
        assets a1_0 
    where
        a1_0.type=?
2025-06-12T11:47:27.426Z DEBUG 18295 --- [risk-asset-management] [io-12001-exec-3] c.j.r.service.RiskAssessmentService      : Fetching all risk assessments
Hibernate: 
    select
        ra1_0.id,
        ra1_0.assessment_date,
        ra1_0.assessor_name,
        ra1_0.asset_id,
        ra1_0.description,
        ra1_0.impact,
        ra1_0.mitigation_strategy,
        ra1_0.next_review_date,
        ra1_0.probability,
        ra1_0.risk_level,
        ra1_0.risk_score,
        ra1_0.risk_type,
        ra1_0.status 
    from
        risk_assessments ra1_0
Hibernate: 
    select
        count(ra1_0.id) 
    from
        risk_assessments ra1_0 
    where
        ra1_0.risk_level=?
Hibernate: 
    select
        count(ra1_0.id) 
    from
        risk_assessments ra1_0 
    where
        ra1_0.risk_level=?
Hibernate: 
    select
        count(ra1_0.id) 
    from
        risk_assessments ra1_0 
    where
        ra1_0.risk_level=?
Hibernate: 
    select
        count(ra1_0.id) 
    from
        risk_assessments ra1_0 
    where
        ra1_0.risk_level=?
2025-06-12T11:47:27.432Z DEBUG 18295 --- [risk-asset-management] [io-12001-exec-3] c.j.r.service.RiskAssessmentService      : Fetching assessments due for review
Hibernate: 
    select
        ra1_0.id,
        ra1_0.assessment_date,
        ra1_0.assessor_name,
        ra1_0.asset_id,
        ra1_0.description,
        ra1_0.impact,
        ra1_0.mitigation_strategy,
        ra1_0.next_review_date,
        ra1_0.probability,
        ra1_0.risk_level,
        ra1_0.risk_score,
        ra1_0.risk_type,
        ra1_0.status 
    from
        risk_assessments ra1_0 
    where
        ra1_0.next_review_date<=?
2025-06-12T11:47:27.433Z DEBUG 18295 --- [risk-asset-management] [io-12001-exec-3] o.s.w.s.m.m.a.HttpEntityMethodProcessor  : Using 'application/json', given [*/*] and supported [application/json, application/*+json]
2025-06-12T11:47:27.434Z DEBUG 18295 --- [risk-asset-management] [io-12001-exec-3] o.s.w.s.m.m.a.HttpEntityMethodProcessor  : Writing [{assets={total=8, high=3, critical=2, low=0, typeDistribution={PHYSICAL_ASSET=1, INTELLECTUAL_PROPER (truncated)...]
2025-06-12T11:47:27.434Z DEBUG 18295 --- [risk-asset-management] [io-12001-exec-3] o.s.web.servlet.DispatcherServlet        : Completed 200 OK
2025-06-12T11:47:31.954Z DEBUG 18295 --- [risk-asset-management] [io-12001-exec-4] o.s.web.servlet.DispatcherServlet        : GET "/api/dashboard/stats", parameters={}
2025-06-12T11:47:31.955Z DEBUG 18295 --- [risk-asset-management] [io-12001-exec-4] s.w.s.m.m.a.RequestMappingHandlerMapping : Mapped to com.jpmc.riskasset.controller.DashboardController#getDashboardStats()
2025-06-12T11:47:31.956Z DEBUG 18295 --- [risk-asset-management] [io-12001-exec-4] c.jpmc.riskasset.service.AssetService    : Fetching all assets
Hibernate: 
    select
        a1_0.id,
        a1_0.asset_value,
        a1_0.business_unit,
        a1_0.category,
        a1_0.created_date,
        a1_0.criticality_level,
        a1_0.description,
        a1_0.last_updated,
        a1_0.name,
        a1_0.owner_email,
        a1_0.owner_name,
        a1_0.type 
    from
        assets a1_0
Hibernate: 
    select
        count(a1_0.id) 
    from
        assets a1_0 
    where
        a1_0.criticality_level=?
Hibernate: 
    select
        count(a1_0.id) 
    from
        assets a1_0 
    where
        a1_0.criticality_level=?
Hibernate: 
    select
        count(a1_0.id) 
    from
        assets a1_0 
    where
        a1_0.criticality_level=?
Hibernate: 
    select
        count(a1_0.id) 
    from
        assets a1_0 
    where
        a1_0.criticality_level=?
Hibernate: 
    select
        count(a1_0.id) 
    from
        assets a1_0 
    where
        a1_0.type=?
Hibernate: 
    select
        count(a1_0.id) 
    from
        assets a1_0 
    where
        a1_0.type=?
Hibernate: 
    select
        count(a1_0.id) 
    from
        assets a1_0 
    where
        a1_0.type=?
Hibernate: 
    select
        count(a1_0.id) 
    from
        assets a1_0 
    where
        a1_0.type=?
Hibernate: 
    select
        count(a1_0.id) 
    from
        assets a1_0 
    where
        a1_0.type=?
Hibernate: 
    select
        count(a1_0.id) 
    from
        assets a1_0 
    where
        a1_0.type=?
Hibernate: 
    select
        count(a1_0.id) 
    from
        assets a1_0 
    where
        a1_0.type=?
Hibernate: 
    select
        count(a1_0.id) 
    from
        assets a1_0 
    where
        a1_0.type=?
2025-06-12T11:47:31.977Z DEBUG 18295 --- [risk-asset-management] [io-12001-exec-4] c.j.r.service.RiskAssessmentService      : Fetching all risk assessments
Hibernate: 
    select
        ra1_0.id,
        ra1_0.assessment_date,
        ra1_0.assessor_name,
        ra1_0.asset_id,
        ra1_0.description,
        ra1_0.impact,
        ra1_0.mitigation_strategy,
        ra1_0.next_review_date,
        ra1_0.probability,
        ra1_0.risk_level,
        ra1_0.risk_score,
        ra1_0.risk_type,
        ra1_0.status 
    from
        risk_assessments ra1_0
Hibernate: 
    select
        count(ra1_0.id) 
    from
        risk_assessments ra1_0 
    where
        ra1_0.risk_level=?
Hibernate: 
    select
        count(ra1_0.id) 
    from
        risk_assessments ra1_0 
    where
        ra1_0.risk_level=?
Hibernate: 
    select
        count(ra1_0.id) 
    from
        risk_assessments ra1_0 
    where
        ra1_0.risk_level=?
Hibernate: 
    select
        count(ra1_0.id) 
    from
        risk_assessments ra1_0 
    where
        ra1_0.risk_level=?
2025-06-12T11:47:31.983Z DEBUG 18295 --- [risk-asset-management] [io-12001-exec-4] c.j.r.service.RiskAssessmentService      : Fetching assessments due for review
Hibernate: 
    select
        ra1_0.id,
        ra1_0.assessment_date,
        ra1_0.assessor_name,
        ra1_0.asset_id,
        ra1_0.description,
        ra1_0.impact,
        ra1_0.mitigation_strategy,
        ra1_0.next_review_date,
        ra1_0.probability,
        ra1_0.risk_level,
        ra1_0.risk_score,
        ra1_0.risk_type,
        ra1_0.status 
    from
        risk_assessments ra1_0 
    where
        ra1_0.next_review_date<=?
2025-06-12T11:47:31.987Z DEBUG 18295 --- [risk-asset-management] [io-12001-exec-4] o.s.w.s.m.m.a.HttpEntityMethodProcessor  : Using 'application/json', given [*/*] and supported [application/json, application/*+json]
2025-06-12T11:47:31.987Z DEBUG 18295 --- [risk-asset-management] [io-12001-exec-4] o.s.w.s.m.m.a.HttpEntityMethodProcessor  : Writing [{assets={total=8, high=3, critical=2, low=0, typeDistribution={PHYSICAL_ASSET=1, INTELLECTUAL_PROPER (truncated)...]
2025-06-12T11:47:31.988Z DEBUG 18295 --- [risk-asset-management] [io-12001-exec-4] o.s.web.servlet.DispatcherServlet        : Completed 200 OK
2025-06-12T11:47:51.888Z DEBUG 18295 --- [risk-asset-management] [io-12001-exec-1] o.s.web.servlet.DispatcherServlet        : GET "/api/dashboard/stats", parameters={}
2025-06-12T11:47:51.888Z DEBUG 18295 --- [risk-asset-management] [io-12001-exec-1] s.w.s.m.m.a.RequestMappingHandlerMapping : Mapped to com.jpmc.riskasset.controller.DashboardController#getDashboardStats()
2025-06-12T11:47:51.889Z DEBUG 18295 --- [risk-asset-management] [io-12001-exec-1] c.jpmc.riskasset.service.AssetService    : Fetching all assets
Hibernate: 
    select
        a1_0.id,
        a1_0.asset_value,
        a1_0.business_unit,
        a1_0.category,
        a1_0.created_date,
        a1_0.criticality_level,
        a1_0.description,
        a1_0.last_updated,
        a1_0.name,
        a1_0.owner_email,
        a1_0.owner_name,
        a1_0.type 
    from
        assets a1_0
Hibernate: 
    select
        count(a1_0.id) 
    from
        assets a1_0 
    where
        a1_0.criticality_level=?
Hibernate: 
    select
        count(a1_0.id) 
    from
        assets a1_0 
    where
        a1_0.criticality_level=?
Hibernate: 
    select
        count(a1_0.id) 
    from
        assets a1_0 
    where
        a1_0.criticality_level=?
Hibernate: 
    select
        count(a1_0.id) 
    from
        assets a1_0 
    where
        a1_0.criticality_level=?
Hibernate: 
    select
        count(a1_0.id) 
    from
        assets a1_0 
    where
        a1_0.type=?
Hibernate: 
    select
        count(a1_0.id) 
    from
        assets a1_0 
    where
        a1_0.type=?
Hibernate: 
    select
        count(a1_0.id) 
    from
        assets a1_0 
    where
        a1_0.type=?
Hibernate: 
    select
        count(a1_0.id) 
    from
        assets a1_0 
    where
        a1_0.type=?
Hibernate: 
    select
        count(a1_0.id) 
    from
        assets a1_0 
    where
        a1_0.type=?
Hibernate: 
    select
        count(a1_0.id) 
    from
        assets a1_0 
    where
        a1_0.type=?
Hibernate: 
    select
        count(a1_0.id) 
    from
        assets a1_0 
    where
        a1_0.type=?
Hibernate: 
    select
        count(a1_0.id) 
    from
        assets a1_0 
    where
        a1_0.type=?
2025-06-12T11:47:51.904Z DEBUG 18295 --- [risk-asset-management] [io-12001-exec-1] c.j.r.service.RiskAssessmentService      : Fetching all risk assessments
Hibernate: 
    select
        ra1_0.id,
        ra1_0.assessment_date,
        ra1_0.assessor_name,
        ra1_0.asset_id,
        ra1_0.description,
        ra1_0.impact,
        ra1_0.mitigation_strategy,
        ra1_0.next_review_date,
        ra1_0.probability,
        ra1_0.risk_level,
        ra1_0.risk_score,
        ra1_0.risk_type,
        ra1_0.status 
    from
        risk_assessments ra1_0
Hibernate: 
    select
        count(ra1_0.id) 
    from
        risk_assessments ra1_0 
    where
        ra1_0.risk_level=?
Hibernate: 
    select
        count(ra1_0.id) 
    from
        risk_assessments ra1_0 
    where
        ra1_0.risk_level=?
Hibernate: 
    select
        count(ra1_0.id) 
    from
        risk_assessments ra1_0 
    where
        ra1_0.risk_level=?
Hibernate: 
    select
        count(ra1_0.id) 
    from
        risk_assessments ra1_0 
    where
        ra1_0.risk_level=?
2025-06-12T11:47:51.910Z DEBUG 18295 --- [risk-asset-management] [io-12001-exec-1] c.j.r.service.RiskAssessmentService      : Fetching assessments due for review
Hibernate: 
    select
        ra1_0.id,
        ra1_0.assessment_date,
        ra1_0.assessor_name,
        ra1_0.asset_id,
        ra1_0.description,
        ra1_0.impact,
        ra1_0.mitigation_strategy,
        ra1_0.next_review_date,
        ra1_0.probability,
        ra1_0.risk_level,
        ra1_0.risk_score,
        ra1_0.risk_type,
        ra1_0.status 
    from
        risk_assessments ra1_0 
    where
        ra1_0.next_review_date<=?
2025-06-12T11:47:51.911Z DEBUG 18295 --- [risk-asset-management] [io-12001-exec-1] o.s.w.s.m.m.a.HttpEntityMethodProcessor  : Using 'application/json', given [*/*] and supported [application/json, application/*+json]
2025-06-12T11:47:51.911Z DEBUG 18295 --- [risk-asset-management] [io-12001-exec-1] o.s.w.s.m.m.a.HttpEntityMethodProcessor  : Writing [{assets={total=8, high=3, critical=2, low=0, typeDistribution={PHYSICAL_ASSET=1, INTELLECTUAL_PROPER (truncated)...]
2025-06-12T11:47:51.912Z DEBUG 18295 --- [risk-asset-management] [io-12001-exec-1] o.s.web.servlet.DispatcherServlet        : Completed 200 OK
2025-06-12T11:47:52.248Z DEBUG 18295 --- [risk-asset-management] [io-12001-exec-9] o.s.web.servlet.DispatcherServlet        : GET "/api/dashboard/stats", parameters={}
2025-06-12T11:47:52.249Z DEBUG 18295 --- [risk-asset-management] [io-12001-exec-9] s.w.s.m.m.a.RequestMappingHandlerMapping : Mapped to com.jpmc.riskasset.controller.DashboardController#getDashboardStats()
2025-06-12T11:47:52.250Z DEBUG 18295 --- [risk-asset-management] [io-12001-exec-9] c.jpmc.riskasset.service.AssetService    : Fetching all assets
Hibernate: 
    select
        a1_0.id,
        a1_0.asset_value,
        a1_0.business_unit,
        a1_0.category,
        a1_0.created_date,
        a1_0.criticality_level,
        a1_0.description,
        a1_0.last_updated,
        a1_0.name,
        a1_0.owner_email,
        a1_0.owner_name,
        a1_0.type 
    from
        assets a1_0
2025-06-12T11:47:52.252Z DEBUG 18295 --- [risk-asset-management] [io-12001-exec-6] o.s.web.servlet.DispatcherServlet        : GET "/api/dashboard/asset-distribution", parameters={}
2025-06-12T11:47:52.252Z DEBUG 18295 --- [risk-asset-management] [io-12001-exec-6] s.w.s.m.m.a.RequestMappingHandlerMapping : Mapped to com.jpmc.riskasset.controller.DashboardController#getAssetDistribution()
Hibernate: 
    select
        count(a1_0.id) 
    from
        assets a1_0 
    where
        a1_0.type=?
Hibernate: 
    select
        count(a1_0.id) 
    from
        assets a1_0 
    where
        a1_0.type=?
2025-06-12T11:47:52.256Z DEBUG 18295 --- [risk-asset-management] [io-12001-exec-5] o.s.web.servlet.DispatcherServlet        : GET "/api/dashboard/risk-distribution", parameters={}
2025-06-12T11:47:52.256Z DEBUG 18295 --- [risk-asset-management] [io-12001-exec-5] s.w.s.m.m.a.RequestMappingHandlerMapping : Mapped to com.jpmc.riskasset.controller.DashboardController#getRiskDistribution()
2025-06-12T11:47:52.257Z DEBUG 18295 --- [risk-asset-management] [io-12001-exec-5] c.j.r.service.RiskAssessmentService      : Fetching risk assessments by type: OPERATIONAL
Hibernate: 
    select
        ra1_0.id,
        ra1_0.assessment_date,
        ra1_0.assessor_name,
        ra1_0.asset_id,
        ra1_0.description,
        ra1_0.impact,
        ra1_0.mitigation_strategy,
        ra1_0.next_review_date,
        ra1_0.probability,
        ra1_0.risk_level,
        ra1_0.risk_score,
        ra1_0.risk_type,
        ra1_0.status 
    from
        risk_assessments ra1_0 
    where
        ra1_0.risk_type=?
Hibernate: 
    select
        count(a1_0.id) 
    from
        assets a1_0 
    where
        a1_0.type=?
2025-06-12T11:47:52.259Z DEBUG 18295 --- [risk-asset-management] [io-12001-exec-5] c.j.r.service.RiskAssessmentService      : Fetching risk assessments by type: FINANCIAL
Hibernate: 
    select
        count(a1_0.id) 
    from
        assets a1_0 
    where
        a1_0.type=?
Hibernate: 
    select
        ra1_0.id,
        ra1_0.assessment_date,
        ra1_0.assessor_name,
        ra1_0.asset_id,
        ra1_0.description,
        ra1_0.impact,
        ra1_0.mitigation_strategy,
        ra1_0.next_review_date,
        ra1_0.probability,
        ra1_0.risk_level,
        ra1_0.risk_score,
        ra1_0.risk_type,
        ra1_0.status 
    from
        risk_assessments ra1_0 
    where
        ra1_0.risk_type=?
Hibernate: 
    select
        count(a1_0.id) 
    from
        assets a1_0 
    where
        a1_0.type=?
2025-06-12T11:47:52.260Z DEBUG 18295 --- [risk-asset-management] [io-12001-exec-5] c.j.r.service.RiskAssessmentService      : Fetching risk assessments by type: COMPLIANCE
Hibernate: 
    select
        count(a1_0.id) 
    from
        assets a1_0 
    where
        a1_0.type=?
Hibernate: 
    select
        ra1_0.id,
        ra1_0.assessment_date,
        ra1_0.assessor_name,
        ra1_0.asset_id,
        ra1_0.description,
        ra1_0.impact,
        ra1_0.mitigation_strategy,
        ra1_0.next_review_date,
        ra1_0.probability,
        ra1_0.risk_level,
        ra1_0.risk_score,
        ra1_0.risk_type,
        ra1_0.status 
    from
        risk_assessments ra1_0 
    where
        ra1_0.risk_type=?
Hibernate: 
    select
        count(a1_0.id) 
    from
        assets a1_0 
    where
        a1_0.type=?
2025-06-12T11:47:52.262Z DEBUG 18295 --- [risk-asset-management] [io-12001-exec-5] c.j.r.service.RiskAssessmentService      : Fetching risk assessments by type: STRATEGIC
Hibernate: 
    select
        count(a1_0.id) 
    from
        assets a1_0 
    where
        a1_0.type=?
Hibernate: 
    select
        ra1_0.id,
        ra1_0.assessment_date,
        ra1_0.assessor_name,
        ra1_0.asset_id,
        ra1_0.description,
        ra1_0.impact,
        ra1_0.mitigation_strategy,
        ra1_0.next_review_date,
        ra1_0.probability,
        ra1_0.risk_level,
        ra1_0.risk_score,
        ra1_0.risk_type,
        ra1_0.status 
    from
        risk_assessments ra1_0 
    where
        ra1_0.risk_type=?
2025-06-12T11:47:52.263Z DEBUG 18295 --- [risk-asset-management] [io-12001-exec-5] c.j.r.service.RiskAssessmentService      : Fetching risk assessments by type: REPUTATIONAL
Hibernate: 
    select
        count(a1_0.id) 
    from
        assets a1_0 
    where
        a1_0.criticality_level=?
Hibernate: 
    select
        ra1_0.id,
        ra1_0.assessment_date,
        ra1_0.assessor_name,
        ra1_0.asset_id,
        ra1_0.description,
        ra1_0.impact,
        ra1_0.mitigation_strategy,
        ra1_0.next_review_date,
        ra1_0.probability,
        ra1_0.risk_level,
        ra1_0.risk_score,
        ra1_0.risk_type,
        ra1_0.status 
    from
        risk_assessments ra1_0 
    where
        ra1_0.risk_type=?
Hibernate: 
    select
        count(a1_0.id) 
    from
        assets a1_0 
    where
        a1_0.criticality_level=?
2025-06-12T11:47:52.266Z DEBUG 18295 --- [risk-asset-management] [io-12001-exec-5] c.j.r.service.RiskAssessmentService      : Fetching risk assessments by type: TECHNOLOGY
Hibernate: 
    select
        count(a1_0.id) 
    from
        assets a1_0 
    where
        a1_0.criticality_level=?
Hibernate: 
    select
        ra1_0.id,
        ra1_0.assessment_date,
        ra1_0.assessor_name,
        ra1_0.asset_id,
        ra1_0.description,
        ra1_0.impact,
        ra1_0.mitigation_strategy,
        ra1_0.next_review_date,
        ra1_0.probability,
        ra1_0.risk_level,
        ra1_0.risk_score,
        ra1_0.risk_type,
        ra1_0.status 
    from
        risk_assessments ra1_0 
    where
        ra1_0.risk_type=?
2025-06-12T11:47:52.268Z DEBUG 18295 --- [risk-asset-management] [io-12001-exec-5] c.j.r.service.RiskAssessmentService      : Fetching risk assessments by type: MARKET
Hibernate: 
    select
        count(a1_0.id) 
    from
        assets a1_0 
    where
        a1_0.criticality_level=?
Hibernate: 
    select
        ra1_0.id,
        ra1_0.assessment_date,
        ra1_0.assessor_name,
        ra1_0.asset_id,
        ra1_0.description,
        ra1_0.impact,
        ra1_0.mitigation_strategy,
        ra1_0.next_review_date,
        ra1_0.probability,
        ra1_0.risk_level,
        ra1_0.risk_score,
        ra1_0.risk_type,
        ra1_0.status 
    from
        risk_assessments ra1_0 
    where
        ra1_0.risk_type=?
Hibernate: 
    select
        count(a1_0.id) 
    from
        assets a1_0 
    where
        a1_0.criticality_level=?
2025-06-12T11:47:52.269Z DEBUG 18295 --- [risk-asset-management] [io-12001-exec-5] c.j.r.service.RiskAssessmentService      : Fetching risk assessments by type: CREDIT
Hibernate: 
    select
        count(a1_0.id) 
    from
        assets a1_0 
    where
        a1_0.criticality_level=?
Hibernate: 
    select
        ra1_0.id,
        ra1_0.assessment_date,
        ra1_0.assessor_name,
        ra1_0.asset_id,
        ra1_0.description,
        ra1_0.impact,
        ra1_0.mitigation_strategy,
        ra1_0.next_review_date,
        ra1_0.probability,
        ra1_0.risk_level,
        ra1_0.risk_score,
        ra1_0.risk_type,
        ra1_0.status 
    from
        risk_assessments ra1_0 
    where
        ra1_0.risk_type=?
2025-06-12T11:47:52.271Z DEBUG 18295 --- [risk-asset-management] [io-12001-exec-5] c.j.r.service.RiskAssessmentService      : Fetching risk assessments by type: LIQUIDITY
Hibernate: 
    select
        count(a1_0.id) 
    from
        assets a1_0 
    where
        a1_0.type=?
Hibernate: 
    select
        ra1_0.id,
        ra1_0.assessment_date,
        ra1_0.assessor_name,
        ra1_0.asset_id,
        ra1_0.description,
        ra1_0.impact,
        ra1_0.mitigation_strategy,
        ra1_0.next_review_date,
        ra1_0.probability,
        ra1_0.risk_level,
        ra1_0.risk_score,
        ra1_0.risk_type,
        ra1_0.status 
    from
        risk_assessments ra1_0 
    where
        ra1_0.risk_type=?
2025-06-12T11:47:52.272Z DEBUG 18295 --- [risk-asset-management] [io-12001-exec-5] c.j.r.service.RiskAssessmentService      : Fetching risk assessments by type: CYBERSECURITY
Hibernate: 
    select
        count(a1_0.id) 
    from
        assets a1_0 
    where
        a1_0.criticality_level=?
Hibernate: 
    select
        count(a1_0.id) 
    from
        assets a1_0 
    where
        a1_0.criticality_level=?
Hibernate: 
    select
        ra1_0.id,
        ra1_0.assessment_date,
        ra1_0.assessor_name,
        ra1_0.asset_id,
        ra1_0.description,
        ra1_0.impact,
        ra1_0.mitigation_strategy,
        ra1_0.next_review_date,
        ra1_0.probability,
        ra1_0.risk_level,
        ra1_0.risk_score,
        ra1_0.risk_type,
        ra1_0.status 
    from
        risk_assessments ra1_0 
    where
        ra1_0.risk_type=?
2025-06-12T11:47:52.273Z DEBUG 18295 --- [risk-asset-management] [io-12001-exec-6] o.s.w.s.m.m.a.HttpEntityMethodProcessor  : Using 'application/json', given [application/json, text/plain, */*] and supported [application/json, application/*+json]
Hibernate: 
    select
        count(a1_0.id) 
    from
        assets a1_0 
    where
        a1_0.type=?
Hibernate: 
    select
        count(a1_0.id) 
    from
        assets a1_0 
    where
        a1_0.type=?
Hibernate: 
    select
        count(ra1_0.id) 
    from
        risk_assessments ra1_0 
    where
        ra1_0.risk_level=?
Hibernate: 
    select
        count(a1_0.id) 
    from
        assets a1_0 
    where
        a1_0.type=?
2025-06-12T11:47:52.275Z DEBUG 18295 --- [risk-asset-management] [io-12001-exec-6] o.s.w.s.m.m.a.HttpEntityMethodProcessor  : Writing [{byCriticality={HIGH=3, MEDIUM=3, LOW=0, CRITICAL=2}, byType={PHYSICAL_ASSET=1, INTELLECTUAL_PROPERT (truncated)...]
Hibernate: 
    select
        count(ra1_0.id) 
    from
        risk_assessments ra1_0 
    where
        ra1_0.risk_level=?
Hibernate: 
    select
        count(a1_0.id) 
    from
        assets a1_0 
    where
        a1_0.type=?
Hibernate: 
    select
        count(ra1_0.id) 
    from
        risk_assessments ra1_0 
    where
        ra1_0.risk_level=?
Hibernate: 
    select
        count(a1_0.id) 
    from
        assets a1_0 
    where
        a1_0.type=?
Hibernate: 
    select
        count(ra1_0.id) 
    from
        risk_assessments ra1_0 
    where
        ra1_0.risk_level=?
Hibernate: 
    select
        count(a1_0.id) 
    from
        assets a1_0 
    where
        a1_0.type=?
2025-06-12T11:47:52.278Z DEBUG 18295 --- [risk-asset-management] [io-12001-exec-5] o.s.w.s.m.m.a.HttpEntityMethodProcessor  : Using 'application/json', given [application/json, text/plain, */*] and supported [application/json, application/*+json]
2025-06-12T11:47:52.279Z DEBUG 18295 --- [risk-asset-management] [io-12001-exec-5] o.s.w.s.m.m.a.HttpEntityMethodProcessor  : Writing [{byLevel={HIGH=4, MEDIUM=3, LOW=0, CRITICAL=1}, byType={CREDIT=0, LIQUIDITY=0, MARKET=1, REPUTATIONA (truncated)...]
2025-06-12T11:47:52.279Z DEBUG 18295 --- [risk-asset-management] [io-12001-exec-6] o.s.web.servlet.DispatcherServlet        : Completed 200 OK
Hibernate: 
    select
        count(a1_0.id) 
    from
        assets a1_0 
    where
        a1_0.type=?
2025-06-12T11:47:52.279Z DEBUG 18295 --- [risk-asset-management] [io-12001-exec-5] o.s.web.servlet.DispatcherServlet        : Completed 200 OK
2025-06-12T11:47:52.282Z DEBUG 18295 --- [risk-asset-management] [io-12001-exec-2] o.s.web.servlet.DispatcherServlet        : GET "/api/dashboard/asset-distribution", parameters={}
2025-06-12T11:47:52.282Z DEBUG 18295 --- [risk-asset-management] [io-12001-exec-9] c.j.r.service.RiskAssessmentService      : Fetching all risk assessments
2025-06-12T11:47:52.282Z DEBUG 18295 --- [risk-asset-management] [io-12001-exec-2] s.w.s.m.m.a.RequestMappingHandlerMapping : Mapped to com.jpmc.riskasset.controller.DashboardController#getAssetDistribution()
2025-06-12T11:47:52.283Z DEBUG 18295 --- [risk-asset-management] [io-12001-exec-8] o.s.web.servlet.DispatcherServlet        : GET "/api/dashboard/risk-distribution", parameters={}
Hibernate: 
    select
        ra1_0.id,
        ra1_0.assessment_date,
        ra1_0.assessor_name,
        ra1_0.asset_id,
        ra1_0.description,
        ra1_0.impact,
        ra1_0.mitigation_strategy,
        ra1_0.next_review_date,
        ra1_0.probability,
        ra1_0.risk_level,
        ra1_0.risk_score,
        ra1_0.risk_type,
        ra1_0.status 
    from
        risk_assessments ra1_0
2025-06-12T11:47:52.283Z DEBUG 18295 --- [risk-asset-management] [io-12001-exec-8] s.w.s.m.m.a.RequestMappingHandlerMapping : Mapped to com.jpmc.riskasset.controller.DashboardController#getRiskDistribution()
2025-06-12T11:47:52.284Z DEBUG 18295 --- [risk-asset-management] [io-12001-exec-8] c.j.r.service.RiskAssessmentService      : Fetching risk assessments by type: OPERATIONAL
Hibernate: 
    select
        count(a1_0.id) 
    from
        assets a1_0 
    where
        a1_0.type=?
Hibernate: 
    select
        ra1_0.id,
        ra1_0.assessment_date,
        ra1_0.assessor_name,
        ra1_0.asset_id,
        ra1_0.description,
        ra1_0.impact,
        ra1_0.mitigation_strategy,
        ra1_0.next_review_date,
        ra1_0.probability,
        ra1_0.risk_level,
        ra1_0.risk_score,
        ra1_0.risk_type,
        ra1_0.status 
    from
        risk_assessments ra1_0 
    where
        ra1_0.risk_type=?
Hibernate: 
    select
        count(ra1_0.id) 
    from
        risk_assessments ra1_0 
    where
        ra1_0.risk_level=?
Hibernate: 
    select
        count(a1_0.id) 
    from
        assets a1_0 
    where
        a1_0.type=?
2025-06-12T11:47:52.285Z DEBUG 18295 --- [risk-asset-management] [io-12001-exec-8] c.j.r.service.RiskAssessmentService      : Fetching risk assessments by type: FINANCIAL
Hibernate: 
    select
        count(a1_0.id) 
    from
        assets a1_0 
    where
        a1_0.type=?
Hibernate: 
    select
        count(ra1_0.id) 
    from
        risk_assessments ra1_0 
    where
        ra1_0.risk_level=?
Hibernate: 
    select
        ra1_0.id,
        ra1_0.assessment_date,
        ra1_0.assessor_name,
        ra1_0.asset_id,
        ra1_0.description,
        ra1_0.impact,
        ra1_0.mitigation_strategy,
        ra1_0.next_review_date,
        ra1_0.probability,
        ra1_0.risk_level,
        ra1_0.risk_score,
        ra1_0.risk_type,
        ra1_0.status 
    from
        risk_assessments ra1_0 
    where
        ra1_0.risk_type=?
2025-06-12T11:47:52.287Z DEBUG 18295 --- [risk-asset-management] [io-12001-exec-8] c.j.r.service.RiskAssessmentService      : Fetching risk assessments by type: COMPLIANCE
Hibernate: 
    select
        count(ra1_0.id) 
    from
        risk_assessments ra1_0 
    where
        ra1_0.risk_level=?
Hibernate: 
    select
        ra1_0.id,
        ra1_0.assessment_date,
        ra1_0.assessor_name,
        ra1_0.asset_id,
        ra1_0.description,
        ra1_0.impact,
        ra1_0.mitigation_strategy,
        ra1_0.next_review_date,
        ra1_0.probability,
        ra1_0.risk_level,
        ra1_0.risk_score,
        ra1_0.risk_type,
        ra1_0.status 
    from
        risk_assessments ra1_0 
    where
        ra1_0.risk_type=?
Hibernate: 
    select
        count(a1_0.id) 
    from
        assets a1_0 
    where
        a1_0.type=?
Hibernate: 
    select
        count(ra1_0.id) 
    from
        risk_assessments ra1_0 
    where
        ra1_0.risk_level=?
2025-06-12T11:47:52.288Z DEBUG 18295 --- [risk-asset-management] [io-12001-exec-8] c.j.r.service.RiskAssessmentService      : Fetching risk assessments by type: STRATEGIC
2025-06-12T11:47:52.289Z DEBUG 18295 --- [risk-asset-management] [io-12001-exec-9] c.j.r.service.RiskAssessmentService      : Fetching assessments due for review
Hibernate: 
    select
        ra1_0.id,
        ra1_0.assessment_date,
        ra1_0.assessor_name,
        ra1_0.asset_id,
        ra1_0.description,
        ra1_0.impact,
        ra1_0.mitigation_strategy,
        ra1_0.next_review_date,
        ra1_0.probability,
        ra1_0.risk_level,
        ra1_0.risk_score,
        ra1_0.risk_type,
        ra1_0.status 
    from
        risk_assessments ra1_0 
    where
        ra1_0.risk_type=?
Hibernate: 
    select
        ra1_0.id,
        ra1_0.assessment_date,
        ra1_0.assessor_name,
        ra1_0.asset_id,
        ra1_0.description,
        ra1_0.impact,
        ra1_0.mitigation_strategy,
        ra1_0.next_review_date,
        ra1_0.probability,
        ra1_0.risk_level,
        ra1_0.risk_score,
        ra1_0.risk_type,
        ra1_0.status 
    from
        risk_assessments ra1_0 
    where
        ra1_0.next_review_date<=?
Hibernate: 
    select
        count(a1_0.id) 
    from
        assets a1_0 
    where
        a1_0.type=?
2025-06-12T11:47:52.290Z DEBUG 18295 --- [risk-asset-management] [io-12001-exec-8] c.j.r.service.RiskAssessmentService      : Fetching risk assessments by type: REPUTATIONAL
2025-06-12T11:47:52.290Z DEBUG 18295 --- [risk-asset-management] [io-12001-exec-9] o.s.w.s.m.m.a.HttpEntityMethodProcessor  : Using 'application/json', given [application/json, text/plain, */*] and supported [application/json, application/*+json]
2025-06-12T11:47:52.290Z DEBUG 18295 --- [risk-asset-management] [io-12001-exec-9] o.s.w.s.m.m.a.HttpEntityMethodProcessor  : Writing [{assets={total=8, high=3, critical=2, low=0, typeDistribution={PHYSICAL_ASSET=1, INTELLECTUAL_PROPER (truncated)...]
Hibernate: 
    select
        count(a1_0.id) 
    from
        assets a1_0 
    where
        a1_0.type=?
Hibernate: 
    select
        ra1_0.id,
        ra1_0.assessment_date,
        ra1_0.assessor_name,
        ra1_0.asset_id,
        ra1_0.description,
        ra1_0.impact,
        ra1_0.mitigation_strategy,
        ra1_0.next_review_date,
        ra1_0.probability,
        ra1_0.risk_level,
        ra1_0.risk_score,
        ra1_0.risk_type,
        ra1_0.status 
    from
        risk_assessments ra1_0 
    where
        ra1_0.risk_type=?
2025-06-12T11:47:52.291Z DEBUG 18295 --- [risk-asset-management] [io-12001-exec-8] c.j.r.service.RiskAssessmentService      : Fetching risk assessments by type: TECHNOLOGY
Hibernate: 
    select
        count(a1_0.id) 
    from
        assets a1_0 
    where
        a1_0.type=?
2025-06-12T11:47:52.292Z DEBUG 18295 --- [risk-asset-management] [io-12001-exec-3] o.s.web.servlet.DispatcherServlet        : GET "/api/dashboard/stats", parameters={}
2025-06-12T11:47:52.292Z DEBUG 18295 --- [risk-asset-management] [io-12001-exec-3] s.w.s.m.m.a.RequestMappingHandlerMapping : Mapped to com.jpmc.riskasset.controller.DashboardController#getDashboardStats()
Hibernate: 
    select
        count(a1_0.id) 
    from
        assets a1_0 
    where
        a1_0.type=?
Hibernate: 
    select
        ra1_0.id,
        ra1_0.assessment_date,
        ra1_0.assessor_name,
        ra1_0.asset_id,
        ra1_0.description,
        ra1_0.impact,
        ra1_0.mitigation_strategy,
        ra1_0.next_review_date,
        ra1_0.probability,
        ra1_0.risk_level,
        ra1_0.risk_score,
        ra1_0.risk_type,
        ra1_0.status 
    from
        risk_assessments ra1_0 
    where
        ra1_0.risk_type=?
2025-06-12T11:47:52.293Z DEBUG 18295 --- [risk-asset-management] [io-12001-exec-3] c.jpmc.riskasset.service.AssetService    : Fetching all assets
2025-06-12T11:47:52.292Z DEBUG 18295 --- [risk-asset-management] [io-12001-exec-9] o.s.web.servlet.DispatcherServlet        : Completed 200 OK
Hibernate: 
    select
        a1_0.id,
        a1_0.asset_value,
        a1_0.business_unit,
        a1_0.category,
        a1_0.created_date,
        a1_0.criticality_level,
        a1_0.description,
        a1_0.last_updated,
        a1_0.name,
        a1_0.owner_email,
        a1_0.owner_name,
        a1_0.type 
    from
        assets a1_0
Hibernate: 
    select
        count(a1_0.id) 
    from
        assets a1_0 
    where
        a1_0.criticality_level=?
Hibernate: 
    select
        count(a1_0.id) 
    from
        assets a1_0 
    where
        a1_0.criticality_level=?
Hibernate: 
    select
        count(a1_0.id) 
    from
        assets a1_0 
    where
        a1_0.criticality_level=?
Hibernate: 
    select
        count(a1_0.id) 
    from
        assets a1_0 
    where
        a1_0.criticality_level=?
Hibernate: 
    select
        count(a1_0.id) 
    from
        assets a1_0 
    where
        a1_0.criticality_level=?
Hibernate: 
    select
        count(a1_0.id) 
    from
        assets a1_0 
    where
        a1_0.criticality_level=?
Hibernate: 
    select
        count(a1_0.id) 
    from
        assets a1_0 
    where
        a1_0.criticality_level=?
Hibernate: 
    select
        count(a1_0.id) 
    from
        assets a1_0 
    where
        a1_0.criticality_level=?
Hibernate: 
    select
        count(a1_0.id) 
    from
        assets a1_0 
    where
        a1_0.type=?
Hibernate: 
    select
        count(a1_0.id) 
    from
        assets a1_0 
    where
        a1_0.type=?
Hibernate: 
    select
        count(a1_0.id) 
    from
        assets a1_0 
    where
        a1_0.type=?
Hibernate: 
    select
        count(a1_0.id) 
    from
        assets a1_0 
    where
        a1_0.type=?
2025-06-12T11:47:52.297Z DEBUG 18295 --- [risk-asset-management] [io-12001-exec-8] c.j.r.service.RiskAssessmentService      : Fetching risk assessments by type: MARKET
Hibernate: 
    select
        ra1_0.id,
        ra1_0.assessment_date,
        ra1_0.assessor_name,
        ra1_0.asset_id,
        ra1_0.description,
        ra1_0.impact,
        ra1_0.mitigation_strategy,
        ra1_0.next_review_date,
        ra1_0.probability,
        ra1_0.risk_level,
        ra1_0.risk_score,
        ra1_0.risk_type,
        ra1_0.status 
    from
        risk_assessments ra1_0 
    where
        ra1_0.risk_type=?
2025-06-12T11:47:52.305Z DEBUG 18295 --- [risk-asset-management] [io-12001-exec-8] c.j.r.service.RiskAssessmentService      : Fetching risk assessments by type: CREDIT
Hibernate: 
    select
        ra1_0.id,
        ra1_0.assessment_date,
        ra1_0.assessor_name,
        ra1_0.asset_id,
        ra1_0.description,
        ra1_0.impact,
        ra1_0.mitigation_strategy,
        ra1_0.next_review_date,
        ra1_0.probability,
        ra1_0.risk_level,
        ra1_0.risk_score,
        ra1_0.risk_type,
        ra1_0.status 
    from
        risk_assessments ra1_0 
    where
        ra1_0.risk_type=?
2025-06-12T11:47:52.307Z DEBUG 18295 --- [risk-asset-management] [io-12001-exec-8] c.j.r.service.RiskAssessmentService      : Fetching risk assessments by type: LIQUIDITY
Hibernate: 
    select
        ra1_0.id,
        ra1_0.assessment_date,
        ra1_0.assessor_name,
        ra1_0.asset_id,
        ra1_0.description,
        ra1_0.impact,
        ra1_0.mitigation_strategy,
        ra1_0.next_review_date,
        ra1_0.probability,
        ra1_0.risk_level,
        ra1_0.risk_score,
        ra1_0.risk_type,
        ra1_0.status 
    from
        risk_assessments ra1_0 
    where
        ra1_0.risk_type=?
2025-06-12T11:47:52.308Z DEBUG 18295 --- [risk-asset-management] [io-12001-exec-8] c.j.r.service.RiskAssessmentService      : Fetching risk assessments by type: CYBERSECURITY
Hibernate: 
    select
        count(a1_0.id) 
    from
        assets a1_0 
    where
        a1_0.type=?
Hibernate: 
    select
        ra1_0.id,
        ra1_0.assessment_date,
        ra1_0.assessor_name,
        ra1_0.asset_id,
        ra1_0.description,
        ra1_0.impact,
        ra1_0.mitigation_strategy,
        ra1_0.next_review_date,
        ra1_0.probability,
        ra1_0.risk_level,
        ra1_0.risk_score,
        ra1_0.risk_type,
        ra1_0.status 
    from
        risk_assessments ra1_0 
    where
        ra1_0.risk_type=?
Hibernate: 
    select
        count(a1_0.id) 
    from
        assets a1_0 
    where
        a1_0.type=?
Hibernate: 
    select
        count(ra1_0.id) 
    from
        risk_assessments ra1_0 
    where
        ra1_0.risk_level=?
2025-06-12T11:47:52.299Z DEBUG 18295 --- [risk-asset-management] [io-12001-exec-2] o.s.w.s.m.m.a.HttpEntityMethodProcessor  : Using 'application/json', given [application/json, text/plain, */*] and supported [application/json, application/*+json]
Hibernate: 
    select
        count(a1_0.id) 
    from
        assets a1_0 
    where
        a1_0.type=?
Hibernate: 
    select
        count(a1_0.id) 
    from
        assets a1_0 
    where
        a1_0.type=?
2025-06-12T11:47:52.310Z DEBUG 18295 --- [risk-asset-management] [io-12001-exec-2] o.s.w.s.m.m.a.HttpEntityMethodProcessor  : Writing [{byCriticality={HIGH=3, MEDIUM=3, LOW=0, CRITICAL=2}, byType={PHYSICAL_ASSET=1, INTELLECTUAL_PROPERT (truncated)...]
2025-06-12T11:47:52.312Z DEBUG 18295 --- [risk-asset-management] [io-12001-exec-3] c.j.r.service.RiskAssessmentService      : Fetching all risk assessments
2025-06-12T11:47:52.312Z DEBUG 18295 --- [risk-asset-management] [io-12001-exec-2] o.s.web.servlet.DispatcherServlet        : Completed 200 OK
Hibernate: 
    select
        ra1_0.id,
        ra1_0.assessment_date,
        ra1_0.assessor_name,
        ra1_0.asset_id,
        ra1_0.description,
        ra1_0.impact,
        ra1_0.mitigation_strategy,
        ra1_0.next_review_date,
        ra1_0.probability,
        ra1_0.risk_level,
        ra1_0.risk_score,
        ra1_0.risk_type,
        ra1_0.status 
    from
        risk_assessments ra1_0
Hibernate: 
    select
        count(ra1_0.id) 
    from
        risk_assessments ra1_0 
    where
        ra1_0.risk_level=?
Hibernate: 
    select
        count(ra1_0.id) 
    from
        risk_assessments ra1_0 
    where
        ra1_0.risk_level=?
Hibernate: 
    select
        count(ra1_0.id) 
    from
        risk_assessments ra1_0 
    where
        ra1_0.risk_level=?
Hibernate: 
    select
        count(ra1_0.id) 
    from
        risk_assessments ra1_0 
    where
        ra1_0.risk_level=?
Hibernate: 
    select
        count(ra1_0.id) 
    from
        risk_assessments ra1_0 
    where
        ra1_0.risk_level=?
Hibernate: 
    select
        count(ra1_0.id) 
    from
        risk_assessments ra1_0 
    where
        ra1_0.risk_level=?
Hibernate: 
    select
        count(ra1_0.id) 
    from
        risk_assessments ra1_0 
    where
        ra1_0.risk_level=?
2025-06-12T11:47:52.318Z DEBUG 18295 --- [risk-asset-management] [io-12001-exec-8] o.s.w.s.m.m.a.HttpEntityMethodProcessor  : Using 'application/json', given [application/json, text/plain, */*] and supported [application/json, application/*+json]
2025-06-12T11:47:52.319Z DEBUG 18295 --- [risk-asset-management] [io-12001-exec-3] c.j.r.service.RiskAssessmentService      : Fetching assessments due for review
2025-06-12T11:47:52.322Z DEBUG 18295 --- [risk-asset-management] [io-12001-exec-8] o.s.w.s.m.m.a.HttpEntityMethodProcessor  : Writing [{byLevel={HIGH=4, MEDIUM=3, LOW=0, CRITICAL=1}, byType={CREDIT=0, LIQUIDITY=0, MARKET=1, REPUTATIONA (truncated)...]
Hibernate: 
    select
        ra1_0.id,
        ra1_0.assessment_date,
        ra1_0.assessor_name,
        ra1_0.asset_id,
        ra1_0.description,
        ra1_0.impact,
        ra1_0.mitigation_strategy,
        ra1_0.next_review_date,
        ra1_0.probability,
        ra1_0.risk_level,
        ra1_0.risk_score,
        ra1_0.risk_type,
        ra1_0.status 
    from
        risk_assessments ra1_0 
    where
        ra1_0.next_review_date<=?
2025-06-12T11:47:52.323Z DEBUG 18295 --- [risk-asset-management] [io-12001-exec-8] o.s.web.servlet.DispatcherServlet        : Completed 200 OK
2025-06-12T11:47:52.324Z DEBUG 18295 --- [risk-asset-management] [io-12001-exec-3] o.s.w.s.m.m.a.HttpEntityMethodProcessor  : Using 'application/json', given [application/json, text/plain, */*] and supported [application/json, application/*+json]
2025-06-12T11:47:52.324Z DEBUG 18295 --- [risk-asset-management] [io-12001-exec-3] o.s.w.s.m.m.a.HttpEntityMethodProcessor  : Writing [{assets={total=8, high=3, critical=2, low=0, typeDistribution={PHYSICAL_ASSET=1, INTELLECTUAL_PROPER (truncated)...]
2025-06-12T11:47:52.325Z DEBUG 18295 --- [risk-asset-management] [io-12001-exec-3] o.s.web.servlet.DispatcherServlet        : Completed 200 OK
2025-06-12T11:48:03.746Z DEBUG 18295 --- [risk-asset-management] [o-12001-exec-10] o.s.web.servlet.DispatcherServlet        : GET "/api/assets", parameters={}
2025-06-12T11:48:03.747Z DEBUG 18295 --- [risk-asset-management] [o-12001-exec-10] s.w.s.m.m.a.RequestMappingHandlerMapping : Mapped to com.jpmc.riskasset.controller.AssetController#getAllAssets()
2025-06-12T11:48:03.748Z DEBUG 18295 --- [risk-asset-management] [o-12001-exec-10] c.jpmc.riskasset.service.AssetService    : Fetching all assets
Hibernate: 
    select
        a1_0.id,
        a1_0.asset_value,
        a1_0.business_unit,
        a1_0.category,
        a1_0.created_date,
        a1_0.criticality_level,
        a1_0.description,
        a1_0.last_updated,
        a1_0.name,
        a1_0.owner_email,
        a1_0.owner_name,
        a1_0.type 
    from
        assets a1_0
2025-06-12T11:48:03.751Z DEBUG 18295 --- [risk-asset-management] [o-12001-exec-10] o.s.w.s.m.m.a.HttpEntityMethodProcessor  : Using 'application/json', given [application/json, text/plain, */*] and supported [application/json, application/*+json]
Hibernate: 
    select
        ra1_0.asset_id,
        ra1_0.id,
        ra1_0.assessment_date,
        ra1_0.assessor_name,
        ra1_0.description,
        ra1_0.impact,
        ra1_0.mitigation_strategy,
        ra1_0.next_review_date,
        ra1_0.probability,
        ra1_0.risk_level,
        ra1_0.risk_score,
        ra1_0.risk_type,
        ra1_0.status 
    from
        risk_assessments ra1_0 
    where
        ra1_0.asset_id=?
2025-06-12T11:48:03.759Z DEBUG 18295 --- [risk-asset-management] [o-12001-exec-10] o.s.w.s.m.m.a.HttpEntityMethodProcessor  : Writing [java.lang.StackOverflowError]
Hibernate: 
    select
        ra1_0.asset_id,
        ra1_0.id,
        ra1_0.assessment_date,
        ra1_0.assessor_name,
        ra1_0.description,
        ra1_0.impact,
        ra1_0.mitigation_strategy,
        ra1_0.next_review_date,
        ra1_0.probability,
        ra1_0.risk_level,
        ra1_0.risk_score,
        ra1_0.risk_type,
        ra1_0.status 
    from
        risk_assessments ra1_0 
    where
        ra1_0.asset_id=?
Hibernate: 
    select
        ra1_0.asset_id,
        ra1_0.id,
        ra1_0.assessment_date,
        ra1_0.assessor_name,
        ra1_0.description,
        ra1_0.impact,
        ra1_0.mitigation_strategy,
        ra1_0.next_review_date,
        ra1_0.probability,
        ra1_0.risk_level,
        ra1_0.risk_score,
        ra1_0.risk_type,
        ra1_0.status 
    from
        risk_assessments ra1_0 
    where
        ra1_0.asset_id=?
Hibernate: 
    select
        ra1_0.asset_id,
        ra1_0.id,
        ra1_0.assessment_date,
        ra1_0.assessor_name,
        ra1_0.description,
        ra1_0.impact,
        ra1_0.mitigation_strategy,
        ra1_0.next_review_date,
        ra1_0.probability,
        ra1_0.risk_level,
        ra1_0.risk_score,
        ra1_0.risk_type,
        ra1_0.status 
    from
        risk_assessments ra1_0 
    where
        ra1_0.asset_id=?
Hibernate: 
    select
        ra1_0.asset_id,
        ra1_0.id,
        ra1_0.assessment_date,
        ra1_0.assessor_name,
        ra1_0.description,
        ra1_0.impact,
        ra1_0.mitigation_strategy,
        ra1_0.next_review_date,
        ra1_0.probability,
        ra1_0.risk_level,
        ra1_0.risk_score,
        ra1_0.risk_type,
        ra1_0.status 
    from
        risk_assessments ra1_0 
    where
        ra1_0.asset_id=?
Hibernate: 
    select
        ra1_0.asset_id,
        ra1_0.id,
        ra1_0.assessment_date,
        ra1_0.assessor_name,
        ra1_0.description,
        ra1_0.impact,
        ra1_0.mitigation_strategy,
        ra1_0.next_review_date,
        ra1_0.probability,
        ra1_0.risk_level,
        ra1_0.risk_score,
        ra1_0.risk_type,
        ra1_0.status 
    from
        risk_assessments ra1_0 
    where
        ra1_0.asset_id=?
Hibernate: 
    select
        ra1_0.asset_id,
        ra1_0.id,
        ra1_0.assessment_date,
        ra1_0.assessor_name,
        ra1_0.description,
        ra1_0.impact,
        ra1_0.mitigation_strategy,
        ra1_0.next_review_date,
        ra1_0.probability,
        ra1_0.risk_level,
        ra1_0.risk_score,
        ra1_0.risk_type,
        ra1_0.status 
    from
        risk_assessments ra1_0 
    where
        ra1_0.asset_id=?
Hibernate: 
    select
        ra1_0.asset_id,
        ra1_0.id,
        ra1_0.assessment_date,
        ra1_0.assessor_name,
        ra1_0.description,
        ra1_0.impact,
        ra1_0.mitigation_strategy,
        ra1_0.next_review_date,
        ra1_0.probability,
        ra1_0.risk_level,
        ra1_0.risk_score,
        ra1_0.risk_type,
        ra1_0.status 
    from
        risk_assessments ra1_0 
    where
        ra1_0.asset_id=?
2025-06-12T11:48:03.783Z DEBUG 18295 --- [risk-asset-management] [o-12001-exec-10] o.s.web.servlet.DispatcherServlet        : Completed 200 OK
2025-06-12T11:48:03.786Z DEBUG 18295 --- [risk-asset-management] [io-12001-exec-7] o.s.web.servlet.DispatcherServlet        : GET "/api/assets", parameters={}
2025-06-12T11:48:03.787Z DEBUG 18295 --- [risk-asset-management] [io-12001-exec-7] s.w.s.m.m.a.RequestMappingHandlerMapping : Mapped to com.jpmc.riskasset.controller.AssetController#getAllAssets()
2025-06-12T11:48:03.788Z DEBUG 18295 --- [risk-asset-management] [io-12001-exec-7] c.jpmc.riskasset.service.AssetService    : Fetching all assets
Hibernate: 
    select
        a1_0.id,
        a1_0.asset_value,
        a1_0.business_unit,
        a1_0.category,
        a1_0.created_date,
        a1_0.criticality_level,
        a1_0.description,
        a1_0.last_updated,
        a1_0.name,
        a1_0.owner_email,
        a1_0.owner_name,
        a1_0.type 
    from
        assets a1_0
2025-06-12T11:48:03.791Z DEBUG 18295 --- [risk-asset-management] [io-12001-exec-7] o.s.w.s.m.m.a.HttpEntityMethodProcessor  : Using 'application/json', given [application/json, text/plain, */*] and supported [application/json, application/*+json]
Hibernate: 
    select
        ra1_0.asset_id,
        ra1_0.id,
        ra1_0.assessment_date,
        ra1_0.assessor_name,
        ra1_0.description,
        ra1_0.impact,
        ra1_0.mitigation_strategy,
        ra1_0.next_review_date,
        ra1_0.probability,
        ra1_0.risk_level,
        ra1_0.risk_score,
        ra1_0.risk_type,
        ra1_0.status 
    from
        risk_assessments ra1_0 
    where
        ra1_0.asset_id=?
2025-06-12T11:48:03.800Z DEBUG 18295 --- [risk-asset-management] [io-12001-exec-7] o.s.w.s.m.m.a.HttpEntityMethodProcessor  : Writing [java.lang.StackOverflowError]
Hibernate: 
    select
        ra1_0.asset_id,
        ra1_0.id,
        ra1_0.assessment_date,
        ra1_0.assessor_name,
        ra1_0.description,
        ra1_0.impact,
        ra1_0.mitigation_strategy,
        ra1_0.next_review_date,
        ra1_0.probability,
        ra1_0.risk_level,
        ra1_0.risk_score,
        ra1_0.risk_type,
        ra1_0.status 
    from
        risk_assessments ra1_0 
    where
        ra1_0.asset_id=?
Hibernate: 
    select
        ra1_0.asset_id,
        ra1_0.id,
        ra1_0.assessment_date,
        ra1_0.assessor_name,
        ra1_0.description,
        ra1_0.impact,
        ra1_0.mitigation_strategy,
        ra1_0.next_review_date,
        ra1_0.probability,
        ra1_0.risk_level,
        ra1_0.risk_score,
        ra1_0.risk_type,
        ra1_0.status 
    from
        risk_assessments ra1_0 
    where
        ra1_0.asset_id=?
Hibernate: 
    select
        ra1_0.asset_id,
        ra1_0.id,
        ra1_0.assessment_date,
        ra1_0.assessor_name,
        ra1_0.description,
        ra1_0.impact,
        ra1_0.mitigation_strategy,
        ra1_0.next_review_date,
        ra1_0.probability,
        ra1_0.risk_level,
        ra1_0.risk_score,
        ra1_0.risk_type,
        ra1_0.status 
    from
        risk_assessments ra1_0 
    where
        ra1_0.asset_id=?
Hibernate: 
    select
        ra1_0.asset_id,
        ra1_0.id,
        ra1_0.assessment_date,
        ra1_0.assessor_name,
        ra1_0.description,
        ra1_0.impact,
        ra1_0.mitigation_strategy,
        ra1_0.next_review_date,
        ra1_0.probability,
        ra1_0.risk_level,
        ra1_0.risk_score,
        ra1_0.risk_type,
        ra1_0.status 
    from
        risk_assessments ra1_0 
    where
        ra1_0.asset_id=?
Hibernate: 
    select
        ra1_0.asset_id,
        ra1_0.id,
        ra1_0.assessment_date,
        ra1_0.assessor_name,
        ra1_0.description,
        ra1_0.impact,
        ra1_0.mitigation_strategy,
        ra1_0.next_review_date,
        ra1_0.probability,
        ra1_0.risk_level,
        ra1_0.risk_score,
        ra1_0.risk_type,
        ra1_0.status 
    from
        risk_assessments ra1_0 
    where
        ra1_0.asset_id=?
Hibernate: 
    select
        ra1_0.asset_id,
        ra1_0.id,
        ra1_0.assessment_date,
        ra1_0.assessor_name,
        ra1_0.description,
        ra1_0.impact,
        ra1_0.mitigation_strategy,
        ra1_0.next_review_date,
        ra1_0.probability,
        ra1_0.risk_level,
        ra1_0.risk_score,
        ra1_0.risk_type,
        ra1_0.status 
    from
        risk_assessments ra1_0 
    where
        ra1_0.asset_id=?
Hibernate: 
    select
        ra1_0.asset_id,
        ra1_0.id,
        ra1_0.assessment_date,
        ra1_0.assessor_name,
        ra1_0.description,
        ra1_0.impact,
        ra1_0.mitigation_strategy,
        ra1_0.next_review_date,
        ra1_0.probability,
        ra1_0.risk_level,
        ra1_0.risk_score,
        ra1_0.risk_type,
        ra1_0.status 
    from
        risk_assessments ra1_0 
    where
        ra1_0.asset_id=?
2025-06-12T11:48:03.809Z DEBUG 18295 --- [risk-asset-management] [io-12001-exec-4] o.s.web.servlet.DispatcherServlet        : GET "/api/assets", parameters={}
2025-06-12T11:48:03.809Z DEBUG 18295 --- [risk-asset-management] [io-12001-exec-4] s.w.s.m.m.a.RequestMappingHandlerMapping : Mapped to com.jpmc.riskasset.controller.AssetController#getAllAssets()
2025-06-12T11:48:03.810Z DEBUG 18295 --- [risk-asset-management] [io-12001-exec-4] c.jpmc.riskasset.service.AssetService    : Fetching all assets
Hibernate: 
    select
        a1_0.id,
        a1_0.asset_value,
        a1_0.business_unit,
        a1_0.category,
        a1_0.created_date,
        a1_0.criticality_level,
        a1_0.description,
        a1_0.last_updated,
        a1_0.name,
        a1_0.owner_email,
        a1_0.owner_name,
        a1_0.type 
    from
        assets a1_0
2025-06-12T11:48:03.813Z DEBUG 18295 --- [risk-asset-management] [io-12001-exec-4] o.s.w.s.m.m.a.HttpEntityMethodProcessor  : Using 'application/json', given [application/json, text/plain, */*] and supported [application/json, application/*+json]
Hibernate: 
    select
        ra1_0.asset_id,
        ra1_0.id,
        ra1_0.assessment_date,
        ra1_0.assessor_name,
        ra1_0.description,
        ra1_0.impact,
        ra1_0.mitigation_strategy,
        ra1_0.next_review_date,
        ra1_0.probability,
        ra1_0.risk_level,
        ra1_0.risk_score,
        ra1_0.risk_type,
        ra1_0.status 
    from
        risk_assessments ra1_0 
    where
        ra1_0.asset_id=?
2025-06-12T11:48:03.822Z DEBUG 18295 --- [risk-asset-management] [io-12001-exec-4] o.s.w.s.m.m.a.HttpEntityMethodProcessor  : Writing [java.lang.StackOverflowError]
2025-06-12T11:48:03.822Z DEBUG 18295 --- [risk-asset-management] [io-12001-exec-7] o.s.web.servlet.DispatcherServlet        : Completed 200 OK
Hibernate: 
    select
        ra1_0.asset_id,
        ra1_0.id,
        ra1_0.assessment_date,
        ra1_0.assessor_name,
        ra1_0.description,
        ra1_0.impact,
        ra1_0.mitigation_strategy,
        ra1_0.next_review_date,
        ra1_0.probability,
        ra1_0.risk_level,
        ra1_0.risk_score,
        ra1_0.risk_type,
        ra1_0.status 
    from
        risk_assessments ra1_0 
    where
        ra1_0.asset_id=?
Hibernate: 
    select
        ra1_0.asset_id,
        ra1_0.id,
        ra1_0.assessment_date,
        ra1_0.assessor_name,
        ra1_0.description,
        ra1_0.impact,
        ra1_0.mitigation_strategy,
        ra1_0.next_review_date,
        ra1_0.probability,
        ra1_0.risk_level,
        ra1_0.risk_score,
        ra1_0.risk_type,
        ra1_0.status 
    from
        risk_assessments ra1_0 
    where
        ra1_0.asset_id=?
Hibernate: 
    select
        ra1_0.asset_id,
        ra1_0.id,
        ra1_0.assessment_date,
        ra1_0.assessor_name,
        ra1_0.description,
        ra1_0.impact,
        ra1_0.mitigation_strategy,
        ra1_0.next_review_date,
        ra1_0.probability,
        ra1_0.risk_level,
        ra1_0.risk_score,
        ra1_0.risk_type,
        ra1_0.status 
    from
        risk_assessments ra1_0 
    where
        ra1_0.asset_id=?
Hibernate: 
    select
        ra1_0.asset_id,
        ra1_0.id,
        ra1_0.assessment_date,
        ra1_0.assessor_name,
        ra1_0.description,
        ra1_0.impact,
        ra1_0.mitigation_strategy,
        ra1_0.next_review_date,
        ra1_0.probability,
        ra1_0.risk_level,
        ra1_0.risk_score,
        ra1_0.risk_type,
        ra1_0.status 
    from
        risk_assessments ra1_0 
    where
        ra1_0.asset_id=?
Hibernate: 
    select
        ra1_0.asset_id,
        ra1_0.id,
        ra1_0.assessment_date,
        ra1_0.assessor_name,
        ra1_0.description,
        ra1_0.impact,
        ra1_0.mitigation_strategy,
        ra1_0.next_review_date,
        ra1_0.probability,
        ra1_0.risk_level,
        ra1_0.risk_score,
        ra1_0.risk_type,
        ra1_0.status 
    from
        risk_assessments ra1_0 
    where
        ra1_0.asset_id=?
Hibernate: 
    select
        ra1_0.asset_id,
        ra1_0.id,
        ra1_0.assessment_date,
        ra1_0.assessor_name,
        ra1_0.description,
        ra1_0.impact,
        ra1_0.mitigation_strategy,
        ra1_0.next_review_date,
        ra1_0.probability,
        ra1_0.risk_level,
        ra1_0.risk_score,
        ra1_0.risk_type,
        ra1_0.status 
    from
        risk_assessments ra1_0 
    where
        ra1_0.asset_id=?
Hibernate: 
    select
        ra1_0.asset_id,
        ra1_0.id,
        ra1_0.assessment_date,
        ra1_0.assessor_name,
        ra1_0.description,
        ra1_0.impact,
        ra1_0.mitigation_strategy,
        ra1_0.next_review_date,
        ra1_0.probability,
        ra1_0.risk_level,
        ra1_0.risk_score,
        ra1_0.risk_type,
        ra1_0.status 
    from
        risk_assessments ra1_0 
    where
        ra1_0.asset_id=?
2025-06-12T11:48:03.849Z DEBUG 18295 --- [risk-asset-management] [io-12001-exec-4] o.s.web.servlet.DispatcherServlet        : Completed 200 OK
2025-06-12T11:48:03.850Z DEBUG 18295 --- [risk-asset-management] [io-12001-exec-1] o.s.web.servlet.DispatcherServlet        : GET "/api/assets", parameters={}
2025-06-12T11:48:03.850Z DEBUG 18295 --- [risk-asset-management] [io-12001-exec-1] s.w.s.m.m.a.RequestMappingHandlerMapping : Mapped to com.jpmc.riskasset.controller.AssetController#getAllAssets()
2025-06-12T11:48:03.851Z DEBUG 18295 --- [risk-asset-management] [io-12001-exec-1] c.jpmc.riskasset.service.AssetService    : Fetching all assets
Hibernate: 
    select
        a1_0.id,
        a1_0.asset_value,
        a1_0.business_unit,
        a1_0.category,
        a1_0.created_date,
        a1_0.criticality_level,
        a1_0.description,
        a1_0.last_updated,
        a1_0.name,
        a1_0.owner_email,
        a1_0.owner_name,
        a1_0.type 
    from
        assets a1_0
2025-06-12T11:48:03.854Z DEBUG 18295 --- [risk-asset-management] [io-12001-exec-1] o.s.w.s.m.m.a.HttpEntityMethodProcessor  : Using 'application/json', given [application/json, text/plain, */*] and supported [application/json, application/*+json]
Hibernate: 
    select
        ra1_0.asset_id,
        ra1_0.id,
        ra1_0.assessment_date,
        ra1_0.assessor_name,
        ra1_0.description,
        ra1_0.impact,
        ra1_0.mitigation_strategy,
        ra1_0.next_review_date,
        ra1_0.probability,
        ra1_0.risk_level,
        ra1_0.risk_score,
        ra1_0.risk_type,
        ra1_0.status 
    from
        risk_assessments ra1_0 
    where
        ra1_0.asset_id=?
2025-06-12T11:48:03.860Z DEBUG 18295 --- [risk-asset-management] [io-12001-exec-1] o.s.w.s.m.m.a.HttpEntityMethodProcessor  : Writing [java.lang.StackOverflowError]
Hibernate: 
    select
        ra1_0.asset_id,
        ra1_0.id,
        ra1_0.assessment_date,
        ra1_0.assessor_name,
        ra1_0.description,
        ra1_0.impact,
        ra1_0.mitigation_strategy,
        ra1_0.next_review_date,
        ra1_0.probability,
        ra1_0.risk_level,
        ra1_0.risk_score,
        ra1_0.risk_type,
        ra1_0.status 
    from
        risk_assessments ra1_0 
    where
        ra1_0.asset_id=?
Hibernate: 
    select
        ra1_0.asset_id,
        ra1_0.id,
        ra1_0.assessment_date,
        ra1_0.assessor_name,
        ra1_0.description,
        ra1_0.impact,
        ra1_0.mitigation_strategy,
        ra1_0.next_review_date,
        ra1_0.probability,
        ra1_0.risk_level,
        ra1_0.risk_score,
        ra1_0.risk_type,
        ra1_0.status 
    from
        risk_assessments ra1_0 
    where
        ra1_0.asset_id=?
Hibernate: 
    select
        ra1_0.asset_id,
        ra1_0.id,
        ra1_0.assessment_date,
        ra1_0.assessor_name,
        ra1_0.description,
        ra1_0.impact,
        ra1_0.mitigation_strategy,
        ra1_0.next_review_date,
        ra1_0.probability,
        ra1_0.risk_level,
        ra1_0.risk_score,
        ra1_0.risk_type,
        ra1_0.status 
    from
        risk_assessments ra1_0 
    where
        ra1_0.asset_id=?
Hibernate: 
    select
        ra1_0.asset_id,
        ra1_0.id,
        ra1_0.assessment_date,
        ra1_0.assessor_name,
        ra1_0.description,
        ra1_0.impact,
        ra1_0.mitigation_strategy,
        ra1_0.next_review_date,
        ra1_0.probability,
        ra1_0.risk_level,
        ra1_0.risk_score,
        ra1_0.risk_type,
        ra1_0.status 
    from
        risk_assessments ra1_0 
    where
        ra1_0.asset_id=?
Hibernate: 
    select
        ra1_0.asset_id,
        ra1_0.id,
        ra1_0.assessment_date,
        ra1_0.assessor_name,
        ra1_0.description,
        ra1_0.impact,
        ra1_0.mitigation_strategy,
        ra1_0.next_review_date,
        ra1_0.probability,
        ra1_0.risk_level,
        ra1_0.risk_score,
        ra1_0.risk_type,
        ra1_0.status 
    from
        risk_assessments ra1_0 
    where
        ra1_0.asset_id=?
Hibernate: 
    select
        ra1_0.asset_id,
        ra1_0.id,
        ra1_0.assessment_date,
        ra1_0.assessor_name,
        ra1_0.description,
        ra1_0.impact,
        ra1_0.mitigation_strategy,
        ra1_0.next_review_date,
        ra1_0.probability,
        ra1_0.risk_level,
        ra1_0.risk_score,
        ra1_0.risk_type,
        ra1_0.status 
    from
        risk_assessments ra1_0 
    where
        ra1_0.asset_id=?
Hibernate: 
    select
        ra1_0.asset_id,
        ra1_0.id,
        ra1_0.assessment_date,
        ra1_0.assessor_name,
        ra1_0.description,
        ra1_0.impact,
        ra1_0.mitigation_strategy,
        ra1_0.next_review_date,
        ra1_0.probability,
        ra1_0.risk_level,
        ra1_0.risk_score,
        ra1_0.risk_type,
        ra1_0.status 
    from
        risk_assessments ra1_0 
    where
        ra1_0.asset_id=?
2025-06-12T11:48:03.869Z DEBUG 18295 --- [risk-asset-management] [io-12001-exec-1] o.s.web.servlet.DispatcherServlet        : Completed 200 OK
2025-06-12T11:48:07.602Z DEBUG 18295 --- [risk-asset-management] [io-12001-exec-6] o.s.web.servlet.DispatcherServlet        : GET "/api/risk-assessments", parameters={}
2025-06-12T11:48:07.602Z DEBUG 18295 --- [risk-asset-management] [io-12001-exec-9] o.s.web.servlet.DispatcherServlet        : GET "/api/assets", parameters={}
2025-06-12T11:48:07.602Z DEBUG 18295 --- [risk-asset-management] [io-12001-exec-9] s.w.s.m.m.a.RequestMappingHandlerMapping : Mapped to com.jpmc.riskasset.controller.AssetController#getAllAssets()
2025-06-12T11:48:07.602Z DEBUG 18295 --- [risk-asset-management] [io-12001-exec-6] s.w.s.m.m.a.RequestMappingHandlerMapping : Mapped to com.jpmc.riskasset.controller.RiskAssessmentController#getAllRiskAssessments()
2025-06-12T11:48:07.603Z DEBUG 18295 --- [risk-asset-management] [io-12001-exec-6] c.j.r.service.RiskAssessmentService      : Fetching all risk assessments
2025-06-12T11:48:07.603Z DEBUG 18295 --- [risk-asset-management] [io-12001-exec-9] c.jpmc.riskasset.service.AssetService    : Fetching all assets
Hibernate: 
    select
        a1_0.id,
        a1_0.asset_value,
        a1_0.business_unit,
        a1_0.category,
        a1_0.created_date,
        a1_0.criticality_level,
        a1_0.description,
        a1_0.last_updated,
        a1_0.name,
        a1_0.owner_email,
        a1_0.owner_name,
        a1_0.type 
    from
        assets a1_0
Hibernate: 
    select
        ra1_0.id,
        ra1_0.assessment_date,
        ra1_0.assessor_name,
        ra1_0.asset_id,
        ra1_0.description,
        ra1_0.impact,
        ra1_0.mitigation_strategy,
        ra1_0.next_review_date,
        ra1_0.probability,
        ra1_0.risk_level,
        ra1_0.risk_score,
        ra1_0.risk_type,
        ra1_0.status 
    from
        risk_assessments ra1_0
2025-06-12T11:48:07.605Z DEBUG 18295 --- [risk-asset-management] [io-12001-exec-9] o.s.w.s.m.m.a.HttpEntityMethodProcessor  : Using 'application/json', given [application/json, text/plain, */*] and supported [application/json, application/*+json]
Hibernate: 
    select
        ra1_0.asset_id,
        ra1_0.id,
        ra1_0.assessment_date,
        ra1_0.assessor_name,
        ra1_0.description,
        ra1_0.impact,
        ra1_0.mitigation_strategy,
        ra1_0.next_review_date,
        ra1_0.probability,
        ra1_0.risk_level,
        ra1_0.risk_score,
        ra1_0.risk_type,
        ra1_0.status 
    from
        risk_assessments ra1_0 
    where
        ra1_0.asset_id=?
2025-06-12T11:48:07.606Z DEBUG 18295 --- [risk-asset-management] [io-12001-exec-6] o.s.w.s.m.m.a.HttpEntityMethodProcessor  : Using 'application/json', given [application/json, text/plain, */*] and supported [application/json, application/*+json]
Hibernate: 
    select
        a1_0.id,
        a1_0.asset_value,
        a1_0.business_unit,
        a1_0.category,
        a1_0.created_date,
        a1_0.criticality_level,
        a1_0.description,
        a1_0.last_updated,
        a1_0.name,
        a1_0.owner_email,
        a1_0.owner_name,
        a1_0.type 
    from
        assets a1_0 
    where
        a1_0.id=?
Hibernate: 
    select
        ra1_0.asset_id,
        ra1_0.id,
        ra1_0.assessment_date,
        ra1_0.assessor_name,
        ra1_0.description,
        ra1_0.impact,
        ra1_0.mitigation_strategy,
        ra1_0.next_review_date,
        ra1_0.probability,
        ra1_0.risk_level,
        ra1_0.risk_score,
        ra1_0.risk_type,
        ra1_0.status 
    from
        risk_assessments ra1_0 
    where
        ra1_0.asset_id=?
2025-06-12T11:48:07.612Z DEBUG 18295 --- [risk-asset-management] [io-12001-exec-9] o.s.w.s.m.m.a.HttpEntityMethodProcessor  : Writing [java.lang.StackOverflowError]
Hibernate: 
    select
        ra1_0.asset_id,
        ra1_0.id,
        ra1_0.assessment_date,
        ra1_0.assessor_name,
        ra1_0.description,
        ra1_0.impact,
        ra1_0.mitigation_strategy,
        ra1_0.next_review_date,
        ra1_0.probability,
        ra1_0.risk_level,
        ra1_0.risk_score,
        ra1_0.risk_type,
        ra1_0.status 
    from
        risk_assessments ra1_0 
    where
        ra1_0.asset_id=?
Hibernate: 
    select
        ra1_0.asset_id,
        ra1_0.id,
        ra1_0.assessment_date,
        ra1_0.assessor_name,
        ra1_0.description,
        ra1_0.impact,
        ra1_0.mitigation_strategy,
        ra1_0.next_review_date,
        ra1_0.probability,
        ra1_0.risk_level,
        ra1_0.risk_score,
        ra1_0.risk_type,
        ra1_0.status 
    from
        risk_assessments ra1_0 
    where
        ra1_0.asset_id=?
Hibernate: 
    select
        ra1_0.asset_id,
        ra1_0.id,
        ra1_0.assessment_date,
        ra1_0.assessor_name,
        ra1_0.description,
        ra1_0.impact,
        ra1_0.mitigation_strategy,
        ra1_0.next_review_date,
        ra1_0.probability,
        ra1_0.risk_level,
        ra1_0.risk_score,
        ra1_0.risk_type,
        ra1_0.status 
    from
        risk_assessments ra1_0 
    where
        ra1_0.asset_id=?
Hibernate: 
    select
        ra1_0.asset_id,
        ra1_0.id,
        ra1_0.assessment_date,
        ra1_0.assessor_name,
        ra1_0.description,
        ra1_0.impact,
        ra1_0.mitigation_strategy,
        ra1_0.next_review_date,
        ra1_0.probability,
        ra1_0.risk_level,
        ra1_0.risk_score,
        ra1_0.risk_type,
        ra1_0.status 
    from
        risk_assessments ra1_0 
    where
        ra1_0.asset_id=?
Hibernate: 
    select
        ra1_0.asset_id,
        ra1_0.id,
        ra1_0.assessment_date,
        ra1_0.assessor_name,
        ra1_0.description,
        ra1_0.impact,
        ra1_0.mitigation_strategy,
        ra1_0.next_review_date,
        ra1_0.probability,
        ra1_0.risk_level,
        ra1_0.risk_score,
        ra1_0.risk_type,
        ra1_0.status 
    from
        risk_assessments ra1_0 
    where
        ra1_0.asset_id=?
Hibernate: 
    select
        ra1_0.asset_id,
        ra1_0.id,
        ra1_0.assessment_date,
        ra1_0.assessor_name,
        ra1_0.description,
        ra1_0.impact,
        ra1_0.mitigation_strategy,
        ra1_0.next_review_date,
        ra1_0.probability,
        ra1_0.risk_level,
        ra1_0.risk_score,
        ra1_0.risk_type,
        ra1_0.status 
    from
        risk_assessments ra1_0 
    where
        ra1_0.asset_id=?
Hibernate: 
    select
        ra1_0.asset_id,
        ra1_0.id,
        ra1_0.assessment_date,
        ra1_0.assessor_name,
        ra1_0.description,
        ra1_0.impact,
        ra1_0.mitigation_strategy,
        ra1_0.next_review_date,
        ra1_0.probability,
        ra1_0.risk_level,
        ra1_0.risk_score,
        ra1_0.risk_type,
        ra1_0.status 
    from
        risk_assessments ra1_0 
    where
        ra1_0.asset_id=?
2025-06-12T11:48:07.616Z DEBUG 18295 --- [risk-asset-management] [io-12001-exec-9] o.s.web.servlet.DispatcherServlet        : Completed 200 OK
2025-06-12T11:48:07.662Z DEBUG 18295 --- [risk-asset-management] [io-12001-exec-6] o.s.w.s.m.m.a.HttpEntityMethodProcessor  : Writing [java.lang.StackOverflowError]
2025-06-12T11:48:07.663Z DEBUG 18295 --- [risk-asset-management] [io-12001-exec-6] o.s.web.servlet.DispatcherServlet        : Completed 200 OK
2025-06-12T11:48:07.883Z DEBUG 18295 --- [risk-asset-management] [io-12001-exec-5] o.s.web.servlet.DispatcherServlet        : GET "/api/assets", parameters={}
2025-06-12T11:48:07.883Z DEBUG 18295 --- [risk-asset-management] [io-12001-exec-5] s.w.s.m.m.a.RequestMappingHandlerMapping : Mapped to com.jpmc.riskasset.controller.AssetController#getAllAssets()
2025-06-12T11:48:07.884Z DEBUG 18295 --- [risk-asset-management] [io-12001-exec-5] c.jpmc.riskasset.service.AssetService    : Fetching all assets
Hibernate: 
    select
        a1_0.id,
        a1_0.asset_value,
        a1_0.business_unit,
        a1_0.category,
        a1_0.created_date,
        a1_0.criticality_level,
        a1_0.description,
        a1_0.last_updated,
        a1_0.name,
        a1_0.owner_email,
        a1_0.owner_name,
        a1_0.type 
    from
        assets a1_0
2025-06-12T11:48:07.887Z DEBUG 18295 --- [risk-asset-management] [io-12001-exec-5] o.s.w.s.m.m.a.HttpEntityMethodProcessor  : Using 'application/json', given [application/json, text/plain, */*] and supported [application/json, application/*+json]
Hibernate: 
    select
        ra1_0.asset_id,
        ra1_0.id,
        ra1_0.assessment_date,
        ra1_0.assessor_name,
        ra1_0.description,
        ra1_0.impact,
        ra1_0.mitigation_strategy,
        ra1_0.next_review_date,
        ra1_0.probability,
        ra1_0.risk_level,
        ra1_0.risk_score,
        ra1_0.risk_type,
        ra1_0.status 
    from
        risk_assessments ra1_0 
    where
        ra1_0.asset_id=?
2025-06-12T11:48:07.891Z DEBUG 18295 --- [risk-asset-management] [io-12001-exec-5] o.s.w.s.m.m.a.HttpEntityMethodProcessor  : Writing [java.lang.StackOverflowError]
Hibernate: 
    select
        ra1_0.asset_id,
        ra1_0.id,
        ra1_0.assessment_date,
        ra1_0.assessor_name,
        ra1_0.description,
        ra1_0.impact,
        ra1_0.mitigation_strategy,
        ra1_0.next_review_date,
        ra1_0.probability,
        ra1_0.risk_level,
        ra1_0.risk_score,
        ra1_0.risk_type,
        ra1_0.status 
    from
        risk_assessments ra1_0 
    where
        ra1_0.asset_id=?
Hibernate: 
    select
        ra1_0.asset_id,
        ra1_0.id,
        ra1_0.assessment_date,
        ra1_0.assessor_name,
        ra1_0.description,
        ra1_0.impact,
        ra1_0.mitigation_strategy,
        ra1_0.next_review_date,
        ra1_0.probability,
        ra1_0.risk_level,
        ra1_0.risk_score,
        ra1_0.risk_type,
        ra1_0.status 
    from
        risk_assessments ra1_0 
    where
        ra1_0.asset_id=?
Hibernate: 
    select
        ra1_0.asset_id,
        ra1_0.id,
        ra1_0.assessment_date,
        ra1_0.assessor_name,
        ra1_0.description,
        ra1_0.impact,
        ra1_0.mitigation_strategy,
        ra1_0.next_review_date,
        ra1_0.probability,
        ra1_0.risk_level,
        ra1_0.risk_score,
        ra1_0.risk_type,
        ra1_0.status 
    from
        risk_assessments ra1_0 
    where
        ra1_0.asset_id=?
Hibernate: 
    select
        ra1_0.asset_id,
        ra1_0.id,
        ra1_0.assessment_date,
        ra1_0.assessor_name,
        ra1_0.description,
        ra1_0.impact,
        ra1_0.mitigation_strategy,
        ra1_0.next_review_date,
        ra1_0.probability,
        ra1_0.risk_level,
        ra1_0.risk_score,
        ra1_0.risk_type,
        ra1_0.status 
    from
        risk_assessments ra1_0 
    where
        ra1_0.asset_id=?
Hibernate: 
    select
        ra1_0.asset_id,
        ra1_0.id,
        ra1_0.assessment_date,
        ra1_0.assessor_name,
        ra1_0.description,
        ra1_0.impact,
        ra1_0.mitigation_strategy,
        ra1_0.next_review_date,
        ra1_0.probability,
        ra1_0.risk_level,
        ra1_0.risk_score,
        ra1_0.risk_type,
        ra1_0.status 
    from
        risk_assessments ra1_0 
    where
        ra1_0.asset_id=?
Hibernate: 
    select
        ra1_0.asset_id,
        ra1_0.id,
        ra1_0.assessment_date,
        ra1_0.assessor_name,
        ra1_0.description,
        ra1_0.impact,
        ra1_0.mitigation_strategy,
        ra1_0.next_review_date,
        ra1_0.probability,
        ra1_0.risk_level,
        ra1_0.risk_score,
        ra1_0.risk_type,
        ra1_0.status 
    from
        risk_assessments ra1_0 
    where
        ra1_0.asset_id=?
Hibernate: 
    select
        ra1_0.asset_id,
        ra1_0.id,
        ra1_0.assessment_date,
        ra1_0.assessor_name,
        ra1_0.description,
        ra1_0.impact,
        ra1_0.mitigation_strategy,
        ra1_0.next_review_date,
        ra1_0.probability,
        ra1_0.risk_level,
        ra1_0.risk_score,
        ra1_0.risk_type,
        ra1_0.status 
    from
        risk_assessments ra1_0 
    where
        ra1_0.asset_id=?
2025-06-12T11:48:07.895Z DEBUG 18295 --- [risk-asset-management] [io-12001-exec-5] o.s.web.servlet.DispatcherServlet        : Completed 200 OK
2025-06-12T11:48:07.927Z DEBUG 18295 --- [risk-asset-management] [io-12001-exec-2] o.s.web.servlet.DispatcherServlet        : GET "/api/risk-assessments", parameters={}
2025-06-12T11:48:07.927Z DEBUG 18295 --- [risk-asset-management] [io-12001-exec-2] s.w.s.m.m.a.RequestMappingHandlerMapping : Mapped to com.jpmc.riskasset.controller.RiskAssessmentController#getAllRiskAssessments()
2025-06-12T11:48:07.928Z DEBUG 18295 --- [risk-asset-management] [io-12001-exec-2] c.j.r.service.RiskAssessmentService      : Fetching all risk assessments
Hibernate: 
    select
        ra1_0.id,
        ra1_0.assessment_date,
        ra1_0.assessor_name,
        ra1_0.asset_id,
        ra1_0.description,
        ra1_0.impact,
        ra1_0.mitigation_strategy,
        ra1_0.next_review_date,
        ra1_0.probability,
        ra1_0.risk_level,
        ra1_0.risk_score,
        ra1_0.risk_type,
        ra1_0.status 
    from
        risk_assessments ra1_0
2025-06-12T11:48:07.931Z DEBUG 18295 --- [risk-asset-management] [io-12001-exec-2] o.s.w.s.m.m.a.HttpEntityMethodProcessor  : Using 'application/json', given [application/json, text/plain, */*] and supported [application/json, application/*+json]
Hibernate: 
    select
        a1_0.id,
        a1_0.asset_value,
        a1_0.business_unit,
        a1_0.category,
        a1_0.created_date,
        a1_0.criticality_level,
        a1_0.description,
        a1_0.last_updated,
        a1_0.name,
        a1_0.owner_email,
        a1_0.owner_name,
        a1_0.type 
    from
        assets a1_0 
    where
        a1_0.id=?
Hibernate: 
    select
        ra1_0.asset_id,
        ra1_0.id,
        ra1_0.assessment_date,
        ra1_0.assessor_name,
        ra1_0.description,
        ra1_0.impact,
        ra1_0.mitigation_strategy,
        ra1_0.next_review_date,
        ra1_0.probability,
        ra1_0.risk_level,
        ra1_0.risk_score,
        ra1_0.risk_type,
        ra1_0.status 
    from
        risk_assessments ra1_0 
    where
        ra1_0.asset_id=?
2025-06-12T11:48:07.978Z DEBUG 18295 --- [risk-asset-management] [io-12001-exec-2] o.s.w.s.m.m.a.HttpEntityMethodProcessor  : Writing [java.lang.StackOverflowError]
2025-06-12T11:48:07.979Z DEBUG 18295 --- [risk-asset-management] [io-12001-exec-2] o.s.web.servlet.DispatcherServlet        : Completed 200 OK
2025-06-12T11:48:08.161Z DEBUG 18295 --- [risk-asset-management] [io-12001-exec-8] o.s.web.servlet.DispatcherServlet        : GET "/api/assets", parameters={}
2025-06-12T11:48:08.161Z DEBUG 18295 --- [risk-asset-management] [io-12001-exec-8] s.w.s.m.m.a.RequestMappingHandlerMapping : Mapped to com.jpmc.riskasset.controller.AssetController#getAllAssets()
2025-06-12T11:48:08.162Z DEBUG 18295 --- [risk-asset-management] [io-12001-exec-8] c.jpmc.riskasset.service.AssetService    : Fetching all assets
Hibernate: 
    select
        a1_0.id,
        a1_0.asset_value,
        a1_0.business_unit,
        a1_0.category,
        a1_0.created_date,
        a1_0.criticality_level,
        a1_0.description,
        a1_0.last_updated,
        a1_0.name,
        a1_0.owner_email,
        a1_0.owner_name,
        a1_0.type 
    from
        assets a1_0
2025-06-12T11:48:08.164Z DEBUG 18295 --- [risk-asset-management] [io-12001-exec-8] o.s.w.s.m.m.a.HttpEntityMethodProcessor  : Using 'application/json', given [application/json, text/plain, */*] and supported [application/json, application/*+json]
Hibernate: 
    select
        ra1_0.asset_id,
        ra1_0.id,
        ra1_0.assessment_date,
        ra1_0.assessor_name,
        ra1_0.description,
        ra1_0.impact,
        ra1_0.mitigation_strategy,
        ra1_0.next_review_date,
        ra1_0.probability,
        ra1_0.risk_level,
        ra1_0.risk_score,
        ra1_0.risk_type,
        ra1_0.status 
    from
        risk_assessments ra1_0 
    where
        ra1_0.asset_id=?
2025-06-12T11:48:08.170Z DEBUG 18295 --- [risk-asset-management] [io-12001-exec-8] o.s.w.s.m.m.a.HttpEntityMethodProcessor  : Writing [java.lang.StackOverflowError]
Hibernate: 
    select
        ra1_0.asset_id,
        ra1_0.id,
        ra1_0.assessment_date,
        ra1_0.assessor_name,
        ra1_0.description,
        ra1_0.impact,
        ra1_0.mitigation_strategy,
        ra1_0.next_review_date,
        ra1_0.probability,
        ra1_0.risk_level,
        ra1_0.risk_score,
        ra1_0.risk_type,
        ra1_0.status 
    from
        risk_assessments ra1_0 
    where
        ra1_0.asset_id=?
Hibernate: 
    select
        ra1_0.asset_id,
        ra1_0.id,
        ra1_0.assessment_date,
        ra1_0.assessor_name,
        ra1_0.description,
        ra1_0.impact,
        ra1_0.mitigation_strategy,
        ra1_0.next_review_date,
        ra1_0.probability,
        ra1_0.risk_level,
        ra1_0.risk_score,
        ra1_0.risk_type,
        ra1_0.status 
    from
        risk_assessments ra1_0 
    where
        ra1_0.asset_id=?
Hibernate: 
    select
        ra1_0.asset_id,
        ra1_0.id,
        ra1_0.assessment_date,
        ra1_0.assessor_name,
        ra1_0.description,
        ra1_0.impact,
        ra1_0.mitigation_strategy,
        ra1_0.next_review_date,
        ra1_0.probability,
        ra1_0.risk_level,
        ra1_0.risk_score,
        ra1_0.risk_type,
        ra1_0.status 
    from
        risk_assessments ra1_0 
    where
        ra1_0.asset_id=?
Hibernate: 
    select
        ra1_0.asset_id,
        ra1_0.id,
        ra1_0.assessment_date,
        ra1_0.assessor_name,
        ra1_0.description,
        ra1_0.impact,
        ra1_0.mitigation_strategy,
        ra1_0.next_review_date,
        ra1_0.probability,
        ra1_0.risk_level,
        ra1_0.risk_score,
        ra1_0.risk_type,
        ra1_0.status 
    from
        risk_assessments ra1_0 
    where
        ra1_0.asset_id=?
Hibernate: 
    select
        ra1_0.asset_id,
        ra1_0.id,
        ra1_0.assessment_date,
        ra1_0.assessor_name,
        ra1_0.description,
        ra1_0.impact,
        ra1_0.mitigation_strategy,
        ra1_0.next_review_date,
        ra1_0.probability,
        ra1_0.risk_level,
        ra1_0.risk_score,
        ra1_0.risk_type,
        ra1_0.status 
    from
        risk_assessments ra1_0 
    where
        ra1_0.asset_id=?
Hibernate: 
    select
        ra1_0.asset_id,
        ra1_0.id,
        ra1_0.assessment_date,
        ra1_0.assessor_name,
        ra1_0.description,
        ra1_0.impact,
        ra1_0.mitigation_strategy,
        ra1_0.next_review_date,
        ra1_0.probability,
        ra1_0.risk_level,
        ra1_0.risk_score,
        ra1_0.risk_type,
        ra1_0.status 
    from
        risk_assessments ra1_0 
    where
        ra1_0.asset_id=?
Hibernate: 
    select
        ra1_0.asset_id,
        ra1_0.id,
        ra1_0.assessment_date,
        ra1_0.assessor_name,
        ra1_0.description,
        ra1_0.impact,
        ra1_0.mitigation_strategy,
        ra1_0.next_review_date,
        ra1_0.probability,
        ra1_0.risk_level,
        ra1_0.risk_score,
        ra1_0.risk_type,
        ra1_0.status 
    from
        risk_assessments ra1_0 
    where
        ra1_0.asset_id=?
2025-06-12T11:48:08.174Z DEBUG 18295 --- [risk-asset-management] [io-12001-exec-8] o.s.web.servlet.DispatcherServlet        : Completed 200 OK
2025-06-12T11:48:08.245Z DEBUG 18295 --- [risk-asset-management] [io-12001-exec-3] o.s.web.servlet.DispatcherServlet        : GET "/api/risk-assessments", parameters={}
2025-06-12T11:48:08.245Z DEBUG 18295 --- [risk-asset-management] [io-12001-exec-3] s.w.s.m.m.a.RequestMappingHandlerMapping : Mapped to com.jpmc.riskasset.controller.RiskAssessmentController#getAllRiskAssessments()
2025-06-12T11:48:08.246Z DEBUG 18295 --- [risk-asset-management] [io-12001-exec-3] c.j.r.service.RiskAssessmentService      : Fetching all risk assessments
Hibernate: 
    select
        ra1_0.id,
        ra1_0.assessment_date,
        ra1_0.assessor_name,
        ra1_0.asset_id,
        ra1_0.description,
        ra1_0.impact,
        ra1_0.mitigation_strategy,
        ra1_0.next_review_date,
        ra1_0.probability,
        ra1_0.risk_level,
        ra1_0.risk_score,
        ra1_0.risk_type,
        ra1_0.status 
    from
        risk_assessments ra1_0
2025-06-12T11:48:08.249Z DEBUG 18295 --- [risk-asset-management] [io-12001-exec-3] o.s.w.s.m.m.a.HttpEntityMethodProcessor  : Using 'application/json', given [application/json, text/plain, */*] and supported [application/json, application/*+json]
Hibernate: 
    select
        a1_0.id,
        a1_0.asset_value,
        a1_0.business_unit,
        a1_0.category,
        a1_0.created_date,
        a1_0.criticality_level,
        a1_0.description,
        a1_0.last_updated,
        a1_0.name,
        a1_0.owner_email,
        a1_0.owner_name,
        a1_0.type 
    from
        assets a1_0 
    where
        a1_0.id=?
Hibernate: 
    select
        ra1_0.asset_id,
        ra1_0.id,
        ra1_0.assessment_date,
        ra1_0.assessor_name,
        ra1_0.description,
        ra1_0.impact,
        ra1_0.mitigation_strategy,
        ra1_0.next_review_date,
        ra1_0.probability,
        ra1_0.risk_level,
        ra1_0.risk_score,
        ra1_0.risk_type,
        ra1_0.status 
    from
        risk_assessments ra1_0 
    where
        ra1_0.asset_id=?
2025-06-12T11:48:08.315Z DEBUG 18295 --- [risk-asset-management] [io-12001-exec-3] o.s.w.s.m.m.a.HttpEntityMethodProcessor  : Writing [java.lang.StackOverflowError]
2025-06-12T11:48:08.316Z DEBUG 18295 --- [risk-asset-management] [io-12001-exec-3] o.s.web.servlet.DispatcherServlet        : Completed 200 OK
2025-06-12T11:48:08.440Z DEBUG 18295 --- [risk-asset-management] [o-12001-exec-10] o.s.web.servlet.DispatcherServlet        : GET "/api/assets", parameters={}
2025-06-12T11:48:08.441Z DEBUG 18295 --- [risk-asset-management] [o-12001-exec-10] s.w.s.m.m.a.RequestMappingHandlerMapping : Mapped to com.jpmc.riskasset.controller.AssetController#getAllAssets()
2025-06-12T11:48:08.441Z DEBUG 18295 --- [risk-asset-management] [o-12001-exec-10] c.jpmc.riskasset.service.AssetService    : Fetching all assets
Hibernate: 
    select
        a1_0.id,
        a1_0.asset_value,
        a1_0.business_unit,
        a1_0.category,
        a1_0.created_date,
        a1_0.criticality_level,
        a1_0.description,
        a1_0.last_updated,
        a1_0.name,
        a1_0.owner_email,
        a1_0.owner_name,
        a1_0.type 
    from
        assets a1_0
2025-06-12T11:48:08.444Z DEBUG 18295 --- [risk-asset-management] [o-12001-exec-10] o.s.w.s.m.m.a.HttpEntityMethodProcessor  : Using 'application/json', given [application/json, text/plain, */*] and supported [application/json, application/*+json]
Hibernate: 
    select
        ra1_0.asset_id,
        ra1_0.id,
        ra1_0.assessment_date,
        ra1_0.assessor_name,
        ra1_0.description,
        ra1_0.impact,
        ra1_0.mitigation_strategy,
        ra1_0.next_review_date,
        ra1_0.probability,
        ra1_0.risk_level,
        ra1_0.risk_score,
        ra1_0.risk_type,
        ra1_0.status 
    from
        risk_assessments ra1_0 
    where
        ra1_0.asset_id=?
2025-06-12T11:48:08.449Z DEBUG 18295 --- [risk-asset-management] [o-12001-exec-10] o.s.w.s.m.m.a.HttpEntityMethodProcessor  : Writing [java.lang.StackOverflowError]
Hibernate: 
    select
        ra1_0.asset_id,
        ra1_0.id,
        ra1_0.assessment_date,
        ra1_0.assessor_name,
        ra1_0.description,
        ra1_0.impact,
        ra1_0.mitigation_strategy,
        ra1_0.next_review_date,
        ra1_0.probability,
        ra1_0.risk_level,
        ra1_0.risk_score,
        ra1_0.risk_type,
        ra1_0.status 
    from
        risk_assessments ra1_0 
    where
        ra1_0.asset_id=?
Hibernate: 
    select
        ra1_0.asset_id,
        ra1_0.id,
        ra1_0.assessment_date,
        ra1_0.assessor_name,
        ra1_0.description,
        ra1_0.impact,
        ra1_0.mitigation_strategy,
        ra1_0.next_review_date,
        ra1_0.probability,
        ra1_0.risk_level,
        ra1_0.risk_score,
        ra1_0.risk_type,
        ra1_0.status 
    from
        risk_assessments ra1_0 
    where
        ra1_0.asset_id=?
Hibernate: 
    select
        ra1_0.asset_id,
        ra1_0.id,
        ra1_0.assessment_date,
        ra1_0.assessor_name,
        ra1_0.description,
        ra1_0.impact,
        ra1_0.mitigation_strategy,
        ra1_0.next_review_date,
        ra1_0.probability,
        ra1_0.risk_level,
        ra1_0.risk_score,
        ra1_0.risk_type,
        ra1_0.status 
    from
        risk_assessments ra1_0 
    where
        ra1_0.asset_id=?
Hibernate: 
    select
        ra1_0.asset_id,
        ra1_0.id,
        ra1_0.assessment_date,
        ra1_0.assessor_name,
        ra1_0.description,
        ra1_0.impact,
        ra1_0.mitigation_strategy,
        ra1_0.next_review_date,
        ra1_0.probability,
        ra1_0.risk_level,
        ra1_0.risk_score,
        ra1_0.risk_type,
        ra1_0.status 
    from
        risk_assessments ra1_0 
    where
        ra1_0.asset_id=?
Hibernate: 
    select
        ra1_0.asset_id,
        ra1_0.id,
        ra1_0.assessment_date,
        ra1_0.assessor_name,
        ra1_0.description,
        ra1_0.impact,
        ra1_0.mitigation_strategy,
        ra1_0.next_review_date,
        ra1_0.probability,
        ra1_0.risk_level,
        ra1_0.risk_score,
        ra1_0.risk_type,
        ra1_0.status 
    from
        risk_assessments ra1_0 
    where
        ra1_0.asset_id=?
Hibernate: 
    select
        ra1_0.asset_id,
        ra1_0.id,
        ra1_0.assessment_date,
        ra1_0.assessor_name,
        ra1_0.description,
        ra1_0.impact,
        ra1_0.mitigation_strategy,
        ra1_0.next_review_date,
        ra1_0.probability,
        ra1_0.risk_level,
        ra1_0.risk_score,
        ra1_0.risk_type,
        ra1_0.status 
    from
        risk_assessments ra1_0 
    where
        ra1_0.asset_id=?
Hibernate: 
    select
        ra1_0.asset_id,
        ra1_0.id,
        ra1_0.assessment_date,
        ra1_0.assessor_name,
        ra1_0.description,
        ra1_0.impact,
        ra1_0.mitigation_strategy,
        ra1_0.next_review_date,
        ra1_0.probability,
        ra1_0.risk_level,
        ra1_0.risk_score,
        ra1_0.risk_type,
        ra1_0.status 
    from
        risk_assessments ra1_0 
    where
        ra1_0.asset_id=?
2025-06-12T11:48:08.453Z DEBUG 18295 --- [risk-asset-management] [o-12001-exec-10] o.s.web.servlet.DispatcherServlet        : Completed 200 OK
2025-06-12T11:48:08.581Z DEBUG 18295 --- [risk-asset-management] [io-12001-exec-7] o.s.web.servlet.DispatcherServlet        : GET "/api/risk-assessments", parameters={}
2025-06-12T11:48:08.581Z DEBUG 18295 --- [risk-asset-management] [io-12001-exec-7] s.w.s.m.m.a.RequestMappingHandlerMapping : Mapped to com.jpmc.riskasset.controller.RiskAssessmentController#getAllRiskAssessments()
2025-06-12T11:48:08.582Z DEBUG 18295 --- [risk-asset-management] [io-12001-exec-7] c.j.r.service.RiskAssessmentService      : Fetching all risk assessments
Hibernate: 
    select
        ra1_0.id,
        ra1_0.assessment_date,
        ra1_0.assessor_name,
        ra1_0.asset_id,
        ra1_0.description,
        ra1_0.impact,
        ra1_0.mitigation_strategy,
        ra1_0.next_review_date,
        ra1_0.probability,
        ra1_0.risk_level,
        ra1_0.risk_score,
        ra1_0.risk_type,
        ra1_0.status 
    from
        risk_assessments ra1_0
2025-06-12T11:48:08.585Z DEBUG 18295 --- [risk-asset-management] [io-12001-exec-7] o.s.w.s.m.m.a.HttpEntityMethodProcessor  : Using 'application/json', given [application/json, text/plain, */*] and supported [application/json, application/*+json]
Hibernate: 
    select
        a1_0.id,
        a1_0.asset_value,
        a1_0.business_unit,
        a1_0.category,
        a1_0.created_date,
        a1_0.criticality_level,
        a1_0.description,
        a1_0.last_updated,
        a1_0.name,
        a1_0.owner_email,
        a1_0.owner_name,
        a1_0.type 
    from
        assets a1_0 
    where
        a1_0.id=?
Hibernate: 
    select
        ra1_0.asset_id,
        ra1_0.id,
        ra1_0.assessment_date,
        ra1_0.assessor_name,
        ra1_0.description,
        ra1_0.impact,
        ra1_0.mitigation_strategy,
        ra1_0.next_review_date,
        ra1_0.probability,
        ra1_0.risk_level,
        ra1_0.risk_score,
        ra1_0.risk_type,
        ra1_0.status 
    from
        risk_assessments ra1_0 
    where
        ra1_0.asset_id=?
2025-06-12T11:48:08.658Z DEBUG 18295 --- [risk-asset-management] [io-12001-exec-7] o.s.w.s.m.m.a.HttpEntityMethodProcessor  : Writing [java.lang.StackOverflowError]
2025-06-12T11:48:08.659Z DEBUG 18295 --- [risk-asset-management] [io-12001-exec-7] o.s.web.servlet.DispatcherServlet        : Completed 200 OK
2025-06-12T11:52:25.229Z DEBUG 18295 --- [risk-asset-management] [io-12001-exec-7] o.s.web.servlet.DispatcherServlet        : GET "/api/dashboard/stats", parameters={}
2025-06-12T11:52:25.229Z DEBUG 18295 --- [risk-asset-management] [io-12001-exec-7] s.w.s.m.m.a.RequestMappingHandlerMapping : Mapped to com.jpmc.riskasset.controller.DashboardController#getDashboardStats()
2025-06-12T11:52:25.229Z DEBUG 18295 --- [risk-asset-management] [io-12001-exec-1] o.s.web.servlet.DispatcherServlet        : GET "/api/dashboard/asset-distribution", parameters={}
2025-06-12T11:52:25.229Z DEBUG 18295 --- [risk-asset-management] [io-12001-exec-4] o.s.web.servlet.DispatcherServlet        : GET "/api/dashboard/risk-distribution", parameters={}
2025-06-12T11:52:25.229Z DEBUG 18295 --- [risk-asset-management] [io-12001-exec-4] s.w.s.m.m.a.RequestMappingHandlerMapping : Mapped to com.jpmc.riskasset.controller.DashboardController#getRiskDistribution()
2025-06-12T11:52:25.230Z DEBUG 18295 --- [risk-asset-management] [io-12001-exec-7] c.jpmc.riskasset.service.AssetService    : Fetching all assets
2025-06-12T11:52:25.230Z DEBUG 18295 --- [risk-asset-management] [io-12001-exec-4] c.j.r.service.RiskAssessmentService      : Fetching risk assessments by type: OPERATIONAL
2025-06-12T11:52:25.229Z DEBUG 18295 --- [risk-asset-management] [io-12001-exec-1] s.w.s.m.m.a.RequestMappingHandlerMapping : Mapped to com.jpmc.riskasset.controller.DashboardController#getAssetDistribution()
Hibernate: 
    select
        a1_0.id,
        a1_0.asset_value,
        a1_0.business_unit,
        a1_0.category,
        a1_0.created_date,
        a1_0.criticality_level,
        a1_0.description,
        a1_0.last_updated,
        a1_0.name,
        a1_0.owner_email,
        a1_0.owner_name,
        a1_0.type 
    from
        assets a1_0
Hibernate: 
    select
        count(a1_0.id) 
    from
        assets a1_0 
    where
        a1_0.type=?
Hibernate: 
    select
        count(a1_0.id) 
    from
        assets a1_0 
    where
        a1_0.type=?
Hibernate: 
    select
        ra1_0.id,
        ra1_0.assessment_date,
        ra1_0.assessor_name,
        ra1_0.asset_id,
        ra1_0.description,
        ra1_0.impact,
        ra1_0.mitigation_strategy,
        ra1_0.next_review_date,
        ra1_0.probability,
        ra1_0.risk_level,
        ra1_0.risk_score,
        ra1_0.risk_type,
        ra1_0.status 
    from
        risk_assessments ra1_0 
    where
        ra1_0.risk_type=?
Hibernate: 
    select
        count(a1_0.id) 
    from
        assets a1_0 
    where
        a1_0.type=?
2025-06-12T11:52:25.234Z DEBUG 18295 --- [risk-asset-management] [io-12001-exec-4] c.j.r.service.RiskAssessmentService      : Fetching risk assessments by type: FINANCIAL
Hibernate: 
    select
        count(a1_0.id) 
    from
        assets a1_0 
    where
        a1_0.type=?
Hibernate: 
    select
        count(a1_0.id) 
    from
        assets a1_0 
    where
        a1_0.type=?
Hibernate: 
    select
        ra1_0.id,
        ra1_0.assessment_date,
        ra1_0.assessor_name,
        ra1_0.asset_id,
        ra1_0.description,
        ra1_0.impact,
        ra1_0.mitigation_strategy,
        ra1_0.next_review_date,
        ra1_0.probability,
        ra1_0.risk_level,
        ra1_0.risk_score,
        ra1_0.risk_type,
        ra1_0.status 
    from
        risk_assessments ra1_0 
    where
        ra1_0.risk_type=?
Hibernate: 
    select
        count(a1_0.id) 
    from
        assets a1_0 
    where
        a1_0.criticality_level=?
Hibernate: 
    select
        count(a1_0.id) 
    from
        assets a1_0 
    where
        a1_0.type=?
2025-06-12T11:52:25.236Z DEBUG 18295 --- [risk-asset-management] [io-12001-exec-4] c.j.r.service.RiskAssessmentService      : Fetching risk assessments by type: COMPLIANCE
Hibernate: 
    select
        count(a1_0.id) 
    from
        assets a1_0 
    where
        a1_0.criticality_level=?
Hibernate: 
    select
        count(a1_0.id) 
    from
        assets a1_0 
    where
        a1_0.type=?
Hibernate: 
    select
        ra1_0.id,
        ra1_0.assessment_date,
        ra1_0.assessor_name,
        ra1_0.asset_id,
        ra1_0.description,
        ra1_0.impact,
        ra1_0.mitigation_strategy,
        ra1_0.next_review_date,
        ra1_0.probability,
        ra1_0.risk_level,
        ra1_0.risk_score,
        ra1_0.risk_type,
        ra1_0.status 
    from
        risk_assessments ra1_0 
    where
        ra1_0.risk_type=?
Hibernate: 
    select
        count(a1_0.id) 
    from
        assets a1_0 
    where
        a1_0.criticality_level=?
Hibernate: 
    select
        count(a1_0.id) 
    from
        assets a1_0 
    where
        a1_0.type=?
2025-06-12T11:52:25.237Z DEBUG 18295 --- [risk-asset-management] [io-12001-exec-4] c.j.r.service.RiskAssessmentService      : Fetching risk assessments by type: STRATEGIC
Hibernate: 
    select
        count(a1_0.id) 
    from
        assets a1_0 
    where
        a1_0.criticality_level=?
Hibernate: 
    select
        count(a1_0.id) 
    from
        assets a1_0 
    where
        a1_0.criticality_level=?
Hibernate: 
    select
        ra1_0.id,
        ra1_0.assessment_date,
        ra1_0.assessor_name,
        ra1_0.asset_id,
        ra1_0.description,
        ra1_0.impact,
        ra1_0.mitigation_strategy,
        ra1_0.next_review_date,
        ra1_0.probability,
        ra1_0.risk_level,
        ra1_0.risk_score,
        ra1_0.risk_type,
        ra1_0.status 
    from
        risk_assessments ra1_0 
    where
        ra1_0.risk_type=?
Hibernate: 
    select
        count(a1_0.id) 
    from
        assets a1_0 
    where
        a1_0.type=?
2025-06-12T11:52:25.239Z DEBUG 18295 --- [risk-asset-management] [io-12001-exec-4] c.j.r.service.RiskAssessmentService      : Fetching risk assessments by type: REPUTATIONAL
Hibernate: 
    select
        count(a1_0.id) 
    from
        assets a1_0 
    where
        a1_0.criticality_level=?
Hibernate: 
    select
        count(a1_0.id) 
    from
        assets a1_0 
    where
        a1_0.criticality_level=?
Hibernate: 
    select
        ra1_0.id,
        ra1_0.assessment_date,
        ra1_0.assessor_name,
        ra1_0.asset_id,
        ra1_0.description,
        ra1_0.impact,
        ra1_0.mitigation_strategy,
        ra1_0.next_review_date,
        ra1_0.probability,
        ra1_0.risk_level,
        ra1_0.risk_score,
        ra1_0.risk_type,
        ra1_0.status 
    from
        risk_assessments ra1_0 
    where
        ra1_0.risk_type=?
Hibernate: 
    select
        count(a1_0.id) 
    from
        assets a1_0 
    where
        a1_0.type=?
2025-06-12T11:52:25.240Z DEBUG 18295 --- [risk-asset-management] [io-12001-exec-4] c.j.r.service.RiskAssessmentService      : Fetching risk assessments by type: TECHNOLOGY
Hibernate: 
    select
        count(a1_0.id) 
    from
        assets a1_0 
    where
        a1_0.criticality_level=?
Hibernate: 
    select
        count(a1_0.id) 
    from
        assets a1_0 
    where
        a1_0.type=?
2025-06-12T11:52:25.241Z DEBUG 18295 --- [risk-asset-management] [io-12001-exec-1] o.s.w.s.m.m.a.HttpEntityMethodProcessor  : Using 'application/json', given [application/json, text/plain, */*] and supported [application/json, application/*+json]
2025-06-12T11:52:25.241Z DEBUG 18295 --- [risk-asset-management] [io-12001-exec-1] o.s.w.s.m.m.a.HttpEntityMethodProcessor  : Writing [{byCriticality={HIGH=3, MEDIUM=3, LOW=0, CRITICAL=2}, byType={PHYSICAL_ASSET=1, INTELLECTUAL_PROPERT (truncated)...]
2025-06-12T11:52:25.241Z DEBUG 18295 --- [risk-asset-management] [io-12001-exec-1] o.s.web.servlet.DispatcherServlet        : Completed 200 OK
Hibernate: 
    select
        ra1_0.id,
        ra1_0.assessment_date,
        ra1_0.assessor_name,
        ra1_0.asset_id,
        ra1_0.description,
        ra1_0.impact,
        ra1_0.mitigation_strategy,
        ra1_0.next_review_date,
        ra1_0.probability,
        ra1_0.risk_level,
        ra1_0.risk_score,
        ra1_0.risk_type,
        ra1_0.status 
    from
        risk_assessments ra1_0 
    where
        ra1_0.risk_type=?
2025-06-12T11:52:25.243Z DEBUG 18295 --- [risk-asset-management] [io-12001-exec-4] c.j.r.service.RiskAssessmentService      : Fetching risk assessments by type: MARKET
Hibernate: 
    select
        ra1_0.id,
        ra1_0.assessment_date,
        ra1_0.assessor_name,
        ra1_0.asset_id,
        ra1_0.description,
        ra1_0.impact,
        ra1_0.mitigation_strategy,
        ra1_0.next_review_date,
        ra1_0.probability,
        ra1_0.risk_level,
        ra1_0.risk_score,
        ra1_0.risk_type,
        ra1_0.status 
    from
        risk_assessments ra1_0 
    where
        ra1_0.risk_type=?
2025-06-12T11:52:25.245Z DEBUG 18295 --- [risk-asset-management] [io-12001-exec-4] c.j.r.service.RiskAssessmentService      : Fetching risk assessments by type: CREDIT
Hibernate: 
    select
        ra1_0.id,
        ra1_0.assessment_date,
        ra1_0.assessor_name,
        ra1_0.asset_id,
        ra1_0.description,
        ra1_0.impact,
        ra1_0.mitigation_strategy,
        ra1_0.next_review_date,
        ra1_0.probability,
        ra1_0.risk_level,
        ra1_0.risk_score,
        ra1_0.risk_type,
        ra1_0.status 
    from
        risk_assessments ra1_0 
    where
        ra1_0.risk_type=?
2025-06-12T11:52:25.246Z DEBUG 18295 --- [risk-asset-management] [io-12001-exec-4] c.j.r.service.RiskAssessmentService      : Fetching risk assessments by type: LIQUIDITY
Hibernate: 
    select
        ra1_0.id,
        ra1_0.assessment_date,
        ra1_0.assessor_name,
        ra1_0.asset_id,
        ra1_0.description,
        ra1_0.impact,
        ra1_0.mitigation_strategy,
        ra1_0.next_review_date,
        ra1_0.probability,
        ra1_0.risk_level,
        ra1_0.risk_score,
        ra1_0.risk_type,
        ra1_0.status 
    from
        risk_assessments ra1_0 
    where
        ra1_0.risk_type=?
2025-06-12T11:52:25.247Z DEBUG 18295 --- [risk-asset-management] [io-12001-exec-4] c.j.r.service.RiskAssessmentService      : Fetching risk assessments by type: CYBERSECURITY
Hibernate: 
    select
        count(a1_0.id) 
    from
        assets a1_0 
    where
        a1_0.type=?
Hibernate: 
    select
        count(a1_0.id) 
    from
        assets a1_0 
    where
        a1_0.type=?
Hibernate: 
    select
        count(a1_0.id) 
    from
        assets a1_0 
    where
        a1_0.type=?
Hibernate: 
    select
        ra1_0.id,
        ra1_0.assessment_date,
        ra1_0.assessor_name,
        ra1_0.asset_id,
        ra1_0.description,
        ra1_0.impact,
        ra1_0.mitigation_strategy,
        ra1_0.next_review_date,
        ra1_0.probability,
        ra1_0.risk_level,
        ra1_0.risk_score,
        ra1_0.risk_type,
        ra1_0.status 
    from
        risk_assessments ra1_0 
    where
        ra1_0.risk_type=?
Hibernate: 
    select
        count(a1_0.id) 
    from
        assets a1_0 
    where
        a1_0.type=?
Hibernate: 
    select
        count(ra1_0.id) 
    from
        risk_assessments ra1_0 
    where
        ra1_0.risk_level=?
Hibernate: 
    select
        count(a1_0.id) 
    from
        assets a1_0 
    where
        a1_0.type=?
2025-06-12T11:52:25.253Z DEBUG 18295 --- [risk-asset-management] [io-12001-exec-7] c.j.r.service.RiskAssessmentService      : Fetching all risk assessments
Hibernate: 
    select
        count(ra1_0.id) 
    from
        risk_assessments ra1_0 
    where
        ra1_0.risk_level=?
Hibernate: 
    select
        ra1_0.id,
        ra1_0.assessment_date,
        ra1_0.assessor_name,
        ra1_0.asset_id,
        ra1_0.description,
        ra1_0.impact,
        ra1_0.mitigation_strategy,
        ra1_0.next_review_date,
        ra1_0.probability,
        ra1_0.risk_level,
        ra1_0.risk_score,
        ra1_0.risk_type,
        ra1_0.status 
    from
        risk_assessments ra1_0
Hibernate: 
    select
        count(ra1_0.id) 
    from
        risk_assessments ra1_0 
    where
        ra1_0.risk_level=?
Hibernate: 
    select
        count(ra1_0.id) 
    from
        risk_assessments ra1_0 
    where
        ra1_0.risk_level=?
Hibernate: 
    select
        count(ra1_0.id) 
    from
        risk_assessments ra1_0 
    where
        ra1_0.risk_level=?
Hibernate: 
    select
        count(ra1_0.id) 
    from
        risk_assessments ra1_0 
    where
        ra1_0.risk_level=?
2025-06-12T11:52:25.256Z DEBUG 18295 --- [risk-asset-management] [io-12001-exec-4] o.s.w.s.m.m.a.HttpEntityMethodProcessor  : Using 'application/json', given [application/json, text/plain, */*] and supported [application/json, application/*+json]
2025-06-12T11:52:25.256Z DEBUG 18295 --- [risk-asset-management] [io-12001-exec-4] o.s.w.s.m.m.a.HttpEntityMethodProcessor  : Writing [{byLevel={HIGH=4, MEDIUM=3, LOW=0, CRITICAL=1}, byType={CREDIT=0, LIQUIDITY=0, MARKET=1, REPUTATIONA (truncated)...]
Hibernate: 
    select
        count(ra1_0.id) 
    from
        risk_assessments ra1_0 
    where
        ra1_0.risk_level=?
2025-06-12T11:52:25.257Z DEBUG 18295 --- [risk-asset-management] [io-12001-exec-4] o.s.web.servlet.DispatcherServlet        : Completed 200 OK
Hibernate: 
    select
        count(ra1_0.id) 
    from
        risk_assessments ra1_0 
    where
        ra1_0.risk_level=?
2025-06-12T11:52:25.258Z DEBUG 18295 --- [risk-asset-management] [io-12001-exec-7] c.j.r.service.RiskAssessmentService      : Fetching assessments due for review
Hibernate: 
    select
        ra1_0.id,
        ra1_0.assessment_date,
        ra1_0.assessor_name,
        ra1_0.asset_id,
        ra1_0.description,
        ra1_0.impact,
        ra1_0.mitigation_strategy,
        ra1_0.next_review_date,
        ra1_0.probability,
        ra1_0.risk_level,
        ra1_0.risk_score,
        ra1_0.risk_type,
        ra1_0.status 
    from
        risk_assessments ra1_0 
    where
        ra1_0.next_review_date<=?
2025-06-12T11:52:25.260Z DEBUG 18295 --- [risk-asset-management] [io-12001-exec-7] o.s.w.s.m.m.a.HttpEntityMethodProcessor  : Using 'application/json', given [application/json, text/plain, */*] and supported [application/json, application/*+json]
2025-06-12T11:52:25.260Z DEBUG 18295 --- [risk-asset-management] [io-12001-exec-7] o.s.w.s.m.m.a.HttpEntityMethodProcessor  : Writing [{assets={total=8, high=3, critical=2, low=0, typeDistribution={PHYSICAL_ASSET=1, INTELLECTUAL_PROPER (truncated)...]
2025-06-12T11:52:25.260Z DEBUG 18295 --- [risk-asset-management] [io-12001-exec-7] o.s.web.servlet.DispatcherServlet        : Completed 200 OK
2025-06-12T11:52:25.530Z DEBUG 18295 --- [risk-asset-management] [io-12001-exec-9] o.s.web.servlet.DispatcherServlet        : GET "/api/dashboard/asset-distribution", parameters={}
2025-06-12T11:52:25.530Z DEBUG 18295 --- [risk-asset-management] [io-12001-exec-9] s.w.s.m.m.a.RequestMappingHandlerMapping : Mapped to com.jpmc.riskasset.controller.DashboardController#getAssetDistribution()
Hibernate: 
    select
        count(a1_0.id) 
    from
        assets a1_0 
    where
        a1_0.type=?
Hibernate: 
    select
        count(a1_0.id) 
    from
        assets a1_0 
    where
        a1_0.type=?
Hibernate: 
    select
        count(a1_0.id) 
    from
        assets a1_0 
    where
        a1_0.type=?
Hibernate: 
    select
        count(a1_0.id) 
    from
        assets a1_0 
    where
        a1_0.type=?
Hibernate: 
    select
        count(a1_0.id) 
    from
        assets a1_0 
    where
        a1_0.type=?
Hibernate: 
    select
        count(a1_0.id) 
    from
        assets a1_0 
    where
        a1_0.type=?
Hibernate: 
    select
        count(a1_0.id) 
    from
        assets a1_0 
    where
        a1_0.type=?
Hibernate: 
    select
        count(a1_0.id) 
    from
        assets a1_0 
    where
        a1_0.type=?
Hibernate: 
    select
        count(a1_0.id) 
    from
        assets a1_0 
    where
        a1_0.criticality_level=?
Hibernate: 
    select
        count(a1_0.id) 
    from
        assets a1_0 
    where
        a1_0.criticality_level=?
Hibernate: 
    select
        count(a1_0.id) 
    from
        assets a1_0 
    where
        a1_0.criticality_level=?
Hibernate: 
    select
        count(a1_0.id) 
    from
        assets a1_0 
    where
        a1_0.criticality_level=?
2025-06-12T11:52:25.544Z DEBUG 18295 --- [risk-asset-management] [io-12001-exec-9] o.s.w.s.m.m.a.HttpEntityMethodProcessor  : Using 'application/json', given [application/json, text/plain, */*] and supported [application/json, application/*+json]
2025-06-12T11:52:25.544Z DEBUG 18295 --- [risk-asset-management] [io-12001-exec-9] o.s.w.s.m.m.a.HttpEntityMethodProcessor  : Writing [{byCriticality={HIGH=3, MEDIUM=3, LOW=0, CRITICAL=2}, byType={PHYSICAL_ASSET=1, INTELLECTUAL_PROPERT (truncated)...]
2025-06-12T11:52:25.545Z DEBUG 18295 --- [risk-asset-management] [io-12001-exec-2] o.s.web.servlet.DispatcherServlet        : GET "/api/dashboard/risk-distribution", parameters={}
2025-06-12T11:52:25.545Z DEBUG 18295 --- [risk-asset-management] [io-12001-exec-2] s.w.s.m.m.a.RequestMappingHandlerMapping : Mapped to com.jpmc.riskasset.controller.DashboardController#getRiskDistribution()
2025-06-12T11:52:25.546Z DEBUG 18295 --- [risk-asset-management] [io-12001-exec-2] c.j.r.service.RiskAssessmentService      : Fetching risk assessments by type: OPERATIONAL
Hibernate: 
    select
        ra1_0.id,
        ra1_0.assessment_date,
        ra1_0.assessor_name,
        ra1_0.asset_id,
        ra1_0.description,
        ra1_0.impact,
        ra1_0.mitigation_strategy,
        ra1_0.next_review_date,
        ra1_0.probability,
        ra1_0.risk_level,
        ra1_0.risk_score,
        ra1_0.risk_type,
        ra1_0.status 
    from
        risk_assessments ra1_0 
    where
        ra1_0.risk_type=?
2025-06-12T11:52:25.547Z DEBUG 18295 --- [risk-asset-management] [io-12001-exec-2] c.j.r.service.RiskAssessmentService      : Fetching risk assessments by type: FINANCIAL
2025-06-12T11:52:25.548Z DEBUG 18295 --- [risk-asset-management] [io-12001-exec-9] o.s.web.servlet.DispatcherServlet        : Completed 200 OK
Hibernate: 
    select
        ra1_0.id,
        ra1_0.assessment_date,
        ra1_0.assessor_name,
        ra1_0.asset_id,
        ra1_0.description,
        ra1_0.impact,
        ra1_0.mitigation_strategy,
        ra1_0.next_review_date,
        ra1_0.probability,
        ra1_0.risk_level,
        ra1_0.risk_score,
        ra1_0.risk_type,
        ra1_0.status 
    from
        risk_assessments ra1_0 
    where
        ra1_0.risk_type=?
2025-06-12T11:52:25.549Z DEBUG 18295 --- [risk-asset-management] [io-12001-exec-2] c.j.r.service.RiskAssessmentService      : Fetching risk assessments by type: COMPLIANCE
2025-06-12T11:52:25.549Z DEBUG 18295 --- [risk-asset-management] [io-12001-exec-5] o.s.web.servlet.DispatcherServlet        : GET "/api/dashboard/stats", parameters={}
2025-06-12T11:52:25.549Z DEBUG 18295 --- [risk-asset-management] [io-12001-exec-5] s.w.s.m.m.a.RequestMappingHandlerMapping : Mapped to com.jpmc.riskasset.controller.DashboardController#getDashboardStats()
Hibernate: 
    select
        ra1_0.id,
        ra1_0.assessment_date,
        ra1_0.assessor_name,
        ra1_0.asset_id,
        ra1_0.description,
        ra1_0.impact,
        ra1_0.mitigation_strategy,
        ra1_0.next_review_date,
        ra1_0.probability,
        ra1_0.risk_level,
        ra1_0.risk_score,
        ra1_0.risk_type,
        ra1_0.status 
    from
        risk_assessments ra1_0 
    where
        ra1_0.risk_type=?
2025-06-12T11:52:25.550Z DEBUG 18295 --- [risk-asset-management] [io-12001-exec-2] c.j.r.service.RiskAssessmentService      : Fetching risk assessments by type: STRATEGIC
2025-06-12T11:52:25.550Z DEBUG 18295 --- [risk-asset-management] [io-12001-exec-5] c.jpmc.riskasset.service.AssetService    : Fetching all assets
Hibernate: 
    select
        a1_0.id,
        a1_0.asset_value,
        a1_0.business_unit,
        a1_0.category,
        a1_0.created_date,
        a1_0.criticality_level,
        a1_0.description,
        a1_0.last_updated,
        a1_0.name,
        a1_0.owner_email,
        a1_0.owner_name,
        a1_0.type 
    from
        assets a1_0
Hibernate: 
    select
        ra1_0.id,
        ra1_0.assessment_date,
        ra1_0.assessor_name,
        ra1_0.asset_id,
        ra1_0.description,
        ra1_0.impact,
        ra1_0.mitigation_strategy,
        ra1_0.next_review_date,
        ra1_0.probability,
        ra1_0.risk_level,
        ra1_0.risk_score,
        ra1_0.risk_type,
        ra1_0.status 
    from
        risk_assessments ra1_0 
    where
        ra1_0.risk_type=?
2025-06-12T11:52:25.551Z DEBUG 18295 --- [risk-asset-management] [io-12001-exec-2] c.j.r.service.RiskAssessmentService      : Fetching risk assessments by type: REPUTATIONAL
Hibernate: 
    select
        count(a1_0.id) 
    from
        assets a1_0 
    where
        a1_0.criticality_level=?
Hibernate: 
    select
        ra1_0.id,
        ra1_0.assessment_date,
        ra1_0.assessor_name,
        ra1_0.asset_id,
        ra1_0.description,
        ra1_0.impact,
        ra1_0.mitigation_strategy,
        ra1_0.next_review_date,
        ra1_0.probability,
        ra1_0.risk_level,
        ra1_0.risk_score,
        ra1_0.risk_type,
        ra1_0.status 
    from
        risk_assessments ra1_0 
    where
        ra1_0.risk_type=?
2025-06-12T11:52:25.552Z DEBUG 18295 --- [risk-asset-management] [io-12001-exec-2] c.j.r.service.RiskAssessmentService      : Fetching risk assessments by type: TECHNOLOGY
Hibernate: 
    select
        count(a1_0.id) 
    from
        assets a1_0 
    where
        a1_0.criticality_level=?
Hibernate: 
    select
        ra1_0.id,
        ra1_0.assessment_date,
        ra1_0.assessor_name,
        ra1_0.asset_id,
        ra1_0.description,
        ra1_0.impact,
        ra1_0.mitigation_strategy,
        ra1_0.next_review_date,
        ra1_0.probability,
        ra1_0.risk_level,
        ra1_0.risk_score,
        ra1_0.risk_type,
        ra1_0.status 
    from
        risk_assessments ra1_0 
    where
        ra1_0.risk_type=?
2025-06-12T11:52:25.553Z DEBUG 18295 --- [risk-asset-management] [io-12001-exec-2] c.j.r.service.RiskAssessmentService      : Fetching risk assessments by type: MARKET
Hibernate: 
    select
        count(a1_0.id) 
    from
        assets a1_0 
    where
        a1_0.criticality_level=?
Hibernate: 
    select
        ra1_0.id,
        ra1_0.assessment_date,
        ra1_0.assessor_name,
        ra1_0.asset_id,
        ra1_0.description,
        ra1_0.impact,
        ra1_0.mitigation_strategy,
        ra1_0.next_review_date,
        ra1_0.probability,
        ra1_0.risk_level,
        ra1_0.risk_score,
        ra1_0.risk_type,
        ra1_0.status 
    from
        risk_assessments ra1_0 
    where
        ra1_0.risk_type=?
2025-06-12T11:52:25.554Z DEBUG 18295 --- [risk-asset-management] [io-12001-exec-2] c.j.r.service.RiskAssessmentService      : Fetching risk assessments by type: CREDIT
Hibernate: 
    select
        count(a1_0.id) 
    from
        assets a1_0 
    where
        a1_0.criticality_level=?
Hibernate: 
    select
        ra1_0.id,
        ra1_0.assessment_date,
        ra1_0.assessor_name,
        ra1_0.asset_id,
        ra1_0.description,
        ra1_0.impact,
        ra1_0.mitigation_strategy,
        ra1_0.next_review_date,
        ra1_0.probability,
        ra1_0.risk_level,
        ra1_0.risk_score,
        ra1_0.risk_type,
        ra1_0.status 
    from
        risk_assessments ra1_0 
    where
        ra1_0.risk_type=?
Hibernate: 
    select
        count(a1_0.id) 
    from
        assets a1_0 
    where
        a1_0.type=?
2025-06-12T11:52:25.555Z DEBUG 18295 --- [risk-asset-management] [io-12001-exec-2] c.j.r.service.RiskAssessmentService      : Fetching risk assessments by type: LIQUIDITY
Hibernate: 
    select
        ra1_0.id,
        ra1_0.assessment_date,
        ra1_0.assessor_name,
        ra1_0.asset_id,
        ra1_0.description,
        ra1_0.impact,
        ra1_0.mitigation_strategy,
        ra1_0.next_review_date,
        ra1_0.probability,
        ra1_0.risk_level,
        ra1_0.risk_score,
        ra1_0.risk_type,
        ra1_0.status 
    from
        risk_assessments ra1_0 
    where
        ra1_0.risk_type=?
Hibernate: 
    select
        count(a1_0.id) 
    from
        assets a1_0 
    where
        a1_0.type=?
2025-06-12T11:52:25.556Z DEBUG 18295 --- [risk-asset-management] [io-12001-exec-2] c.j.r.service.RiskAssessmentService      : Fetching risk assessments by type: CYBERSECURITY
Hibernate: 
    select
        count(a1_0.id) 
    from
        assets a1_0 
    where
        a1_0.type=?
Hibernate: 
    select
        ra1_0.id,
        ra1_0.assessment_date,
        ra1_0.assessor_name,
        ra1_0.asset_id,
        ra1_0.description,
        ra1_0.impact,
        ra1_0.mitigation_strategy,
        ra1_0.next_review_date,
        ra1_0.probability,
        ra1_0.risk_level,
        ra1_0.risk_score,
        ra1_0.risk_type,
        ra1_0.status 
    from
        risk_assessments ra1_0 
    where
        ra1_0.risk_type=?
Hibernate: 
    select
        count(a1_0.id) 
    from
        assets a1_0 
    where
        a1_0.type=?
Hibernate: 
    select
        count(ra1_0.id) 
    from
        risk_assessments ra1_0 
    where
        ra1_0.risk_level=?
Hibernate: 
    select
        count(a1_0.id) 
    from
        assets a1_0 
    where
        a1_0.type=?
Hibernate: 
    select
        count(ra1_0.id) 
    from
        risk_assessments ra1_0 
    where
        ra1_0.risk_level=?
Hibernate: 
    select
        count(a1_0.id) 
    from
        assets a1_0 
    where
        a1_0.type=?
Hibernate: 
    select
        count(ra1_0.id) 
    from
        risk_assessments ra1_0 
    where
        ra1_0.risk_level=?
Hibernate: 
    select
        count(a1_0.id) 
    from
        assets a1_0 
    where
        a1_0.type=?
Hibernate: 
    select
        count(ra1_0.id) 
    from
        risk_assessments ra1_0 
    where
        ra1_0.risk_level=?
Hibernate: 
    select
        count(a1_0.id) 
    from
        assets a1_0 
    where
        a1_0.type=?
2025-06-12T11:52:25.560Z DEBUG 18295 --- [risk-asset-management] [io-12001-exec-5] c.j.r.service.RiskAssessmentService      : Fetching all risk assessments
2025-06-12T11:52:25.560Z DEBUG 18295 --- [risk-asset-management] [io-12001-exec-2] o.s.w.s.m.m.a.HttpEntityMethodProcessor  : Using 'application/json', given [application/json, text/plain, */*] and supported [application/json, application/*+json]
2025-06-12T11:52:25.561Z DEBUG 18295 --- [risk-asset-management] [io-12001-exec-2] o.s.w.s.m.m.a.HttpEntityMethodProcessor  : Writing [{byLevel={HIGH=4, MEDIUM=3, LOW=0, CRITICAL=1}, byType={CREDIT=0, LIQUIDITY=0, MARKET=1, REPUTATIONA (truncated)...]
2025-06-12T11:52:25.561Z DEBUG 18295 --- [risk-asset-management] [io-12001-exec-2] o.s.web.servlet.DispatcherServlet        : Completed 200 OK
Hibernate: 
    select
        ra1_0.id,
        ra1_0.assessment_date,
        ra1_0.assessor_name,
        ra1_0.asset_id,
        ra1_0.description,
        ra1_0.impact,
        ra1_0.mitigation_strategy,
        ra1_0.next_review_date,
        ra1_0.probability,
        ra1_0.risk_level,
        ra1_0.risk_score,
        ra1_0.risk_type,
        ra1_0.status 
    from
        risk_assessments ra1_0
Hibernate: 
    select
        count(ra1_0.id) 
    from
        risk_assessments ra1_0 
    where
        ra1_0.risk_level=?
Hibernate: 
    select
        count(ra1_0.id) 
    from
        risk_assessments ra1_0 
    where
        ra1_0.risk_level=?
Hibernate: 
    select
        count(ra1_0.id) 
    from
        risk_assessments ra1_0 
    where
        ra1_0.risk_level=?
Hibernate: 
    select
        count(ra1_0.id) 
    from
        risk_assessments ra1_0 
    where
        ra1_0.risk_level=?
2025-06-12T11:52:25.564Z DEBUG 18295 --- [risk-asset-management] [io-12001-exec-5] c.j.r.service.RiskAssessmentService      : Fetching assessments due for review
Hibernate: 
    select
        ra1_0.id,
        ra1_0.assessment_date,
        ra1_0.assessor_name,
        ra1_0.asset_id,
        ra1_0.description,
        ra1_0.impact,
        ra1_0.mitigation_strategy,
        ra1_0.next_review_date,
        ra1_0.probability,
        ra1_0.risk_level,
        ra1_0.risk_score,
        ra1_0.risk_type,
        ra1_0.status 
    from
        risk_assessments ra1_0 
    where
        ra1_0.next_review_date<=?
2025-06-12T11:52:25.566Z DEBUG 18295 --- [risk-asset-management] [io-12001-exec-5] o.s.w.s.m.m.a.HttpEntityMethodProcessor  : Using 'application/json', given [application/json, text/plain, */*] and supported [application/json, application/*+json]
2025-06-12T11:52:25.566Z DEBUG 18295 --- [risk-asset-management] [io-12001-exec-5] o.s.w.s.m.m.a.HttpEntityMethodProcessor  : Writing [{assets={total=8, high=3, critical=2, low=0, typeDistribution={PHYSICAL_ASSET=1, INTELLECTUAL_PROPER (truncated)...]
2025-06-12T11:52:25.566Z DEBUG 18295 --- [risk-asset-management] [io-12001-exec-5] o.s.web.servlet.DispatcherServlet        : Completed 200 OK
